at_run,dance_by,L
1,disrupt,298
1,disrupt,260
1,disrupt,272
1,disrupt,225
1,disrupt,244
1,disrupt,223
1,disrupt,259
1,disrupt,256
1,disrupt,222
1,disrupt,217
1,disrupt,219
1,disrupt,213
10,disrupt,237
10,disrupt,297
10,disrupt,318
10,disrupt,255
10,disrupt,236
10,disrupt,314
10,disrupt,187
10,disrupt,229
10,disrupt,181
10,disrupt,214
10,disrupt,257
10,disrupt,308
10,disrupt,324
4,disrupt,235
4,disrupt,252
4,disrupt,254
4,disrupt,253
4,disrupt,264
4,disrupt,229
4,disrupt,292
4,disrupt,238
4,disrupt,225
4,disrupt,256
4,disrupt,361
4,disrupt,257
4,disrupt,273
4,disrupt,209
1,no,243
1,no,278
1,no,178
1,no,209
1,no,189
1,no,193
1,no,175
1,no,217
1,no,136
1,no,172
1,no,187
1,no,198
10,no,219
10,no,244
10,no,268
10,no,198
10,no,170
10,no,220
10,no,181
10,no,397
10,no,598
10,no,240
10,no,272
10,no,236
10,no,213
10,no,203
4,no,203
4,no,261
4,no,601
4,no,200
4,no,187
4,no,121
4,no,237
4,no,188
4,no,234
4,no,302
4,no,239
4,no,231
4,no,404
1,no,231
