calibs_file,calibration_id,calibs_start,calibs_stop,extrinsic,checker_size,comment,temporal_step,with_distortion,csv_source,row_number,n_corners,calibs_path,north,center,blur,calibs_fullfile,calibs_recording_datetime,center_ij,north_ij,n,reprojection,projection,distance,inverse
20230111_mirror_dance01_spontaneous_ID03.MTS,20230111_mirror_dance01_spontaneous_ID03.MTS,279.0,307.8,279.835,3.9,,2.0,true,/home/yakir/mnt/dacke_lab_data/Data/Elin/Project_AllotheticVsIdiothetic_outdoors/calibs.csv,1,"(4, 6)",.,,,1,/home/yakir/mnt/dacke_lab_data/Data/Elin/Project_AllotheticVsIdiothetic_outdoors/./20230111_mirror_dance01_spontaneous_ID03.MTS,2023-01-11T08:52:27.0,,,13.0,0.8290029838527663,0.094997780353308,0.12206569298313757,4.805773972359547e-13
20230111_mirror_dance01_dance_ID09.MTS,20230111_mirror_dance01_dance_ID09.MTS,349.213,379.625,350.201,3.9,,2.0,true,/home/yakir/mnt/dacke_lab_data/Data/Elin/Project_AllotheticVsIdiothetic_outdoors/calibs.csv,2,"(4, 6)",.,,,1,/home/yakir/mnt/dacke_lab_data/Data/Elin/Project_AllotheticVsIdiothetic_outdoors/./20230111_mirror_dance01_dance_ID09.MTS,2023-01-11T14:53:21.0,,,11.0,0.6876439120673604,0.07656934644977655,0.11841593380808849,3.741571118401208e-13
20230111_mirror_dance01_midroll_ID15.MTS,20230111_mirror_dance01_midroll_ID15.MTS,363.781,398.064,366.3,3.9,,2.0,true,/home/yakir/mnt/dacke_lab_data/Data/Elin/Project_AllotheticVsIdiothetic_outdoors/calibs.csv,3,"(4, 6)",.,,,1,/home/yakir/mnt/dacke_lab_data/Data/Elin/Project_AllotheticVsIdiothetic_outdoors/./20230111_mirror_dance01_midroll_ID15.MTS,2023-01-11T16:13:45.0,,,14.0,0.9724383518879849,0.1274395554477172,0.17637171268118695,1.6301038594881826e-12
20230112_mirror_dance01_midroll_ID17.MTS,20230112_mirror_dance01_midroll_ID17.MTS,287.112,318.426,301.061,3.9,,2.0,true,/home/yakir/mnt/dacke_lab_data/Data/Elin/Project_AllotheticVsIdiothetic_outdoors/calibs.csv,4,"(4, 6)",.,,,1,/home/yakir/mnt/dacke_lab_data/Data/Elin/Project_AllotheticVsIdiothetic_outdoors/./20230112_mirror_dance01_midroll_ID17.MTS,2023-01-12T08:31:34.0,,,15.0,1.391436677771902,0.16667159801947923,0.19966159845783774,8.361466101870523e-13
20230112_mirror_dance01_spontaneous_ID29.MTS,20230112_mirror_dance01_spontaneous_ID29.MTS,174.457,205.052,183.005,3.9,,2.0,true,/home/yakir/mnt/dacke_lab_data/Data/Elin/Project_AllotheticVsIdiothetic_outdoors/calibs.csv,5,"(4, 6)",.,,,1,/home/yakir/mnt/dacke_lab_data/Data/Elin/Project_AllotheticVsIdiothetic_outdoors/./20230112_mirror_dance01_spontaneous_ID29.MTS,2023-01-12T14:54:32.0,,,10.0,0.9640307483019802,0.12307586584249064,0.1884802346048092,5.664083760471456e-13
20230112_mirror_dance01_midroll_ID36.MTS,20230112_mirror_dance01_midroll_ID36.MTS,533.396,564.802,543.0,3.9,,2.0,true,/home/yakir/mnt/dacke_lab_data/Data/Elin/Project_AllotheticVsIdiothetic_outdoors/calibs.csv,6,"(4, 6)",.,,,1,/home/yakir/mnt/dacke_lab_data/Data/Elin/Project_AllotheticVsIdiothetic_outdoors/./20230112_mirror_dance01_midroll_ID36.MTS,2023-01-12T15:57:38.0,,,15.0,1.0088846228782051,0.1166876686899169,0.1711110220387708,5.669276585965353e-13
20230112_mirror_dance01_dance_ID38.MTS,20230112_mirror_dance01_dance_ID38.MTS,237.002,259.229,238.0,3.9,,2.0,true,/home/yakir/mnt/dacke_lab_data/Data/Elin/Project_AllotheticVsIdiothetic_outdoors/calibs.csv,7,"(4, 6)",.,,,1,/home/yakir/mnt/dacke_lab_data/Data/Elin/Project_AllotheticVsIdiothetic_outdoors/./20230112_mirror_dance01_dance_ID38.MTS,2023-01-12T16:17:20.0,,,13.0,0.624837750189097,0.07858207234652707,0.1150243838286933,1.0043168766775157e-12
20230113_mirror_dance01_dance_ID44.MTS,20230113_mirror_dance01_dance_ID44.MTS,378.987,397.526,382.319,3.9,,2.0,true,/home/yakir/mnt/dacke_lab_data/Data/Elin/Project_AllotheticVsIdiothetic_outdoors/calibs.csv,8,"(4, 6)",.,,,1,/home/yakir/mnt/dacke_lab_data/Data/Elin/Project_AllotheticVsIdiothetic_outdoors/./20230113_mirror_dance01_dance_ID44.MTS,2023-01-13T09:23:33.0,,,11.0,0.5286683550505474,0.05583996811291373,0.0916061970677616,3.597511852074404e-13
20230113_mirror_dance01_midroll_ID49.MTS,20230113_mirror_dance01_midroll_ID49.MTS,199.0,223.0,200.0,3.9,,2.0,true,/home/yakir/mnt/dacke_lab_data/Data/Elin/Project_AllotheticVsIdiothetic_outdoors/calibs.csv,9,"(4, 6)",.,,,1,/home/yakir/mnt/dacke_lab_data/Data/Elin/Project_AllotheticVsIdiothetic_outdoors/./20230113_mirror_dance01_midroll_ID49.MTS,2023-01-13T14:35:40.0,,,13.0,0.6468722777690288,0.05961042705490598,0.09480807498045997,3.2788447275484605e-13
20230113_mirror_dance01_dance_ID51.MTS,20230113_mirror_dance01_dance_ID51.MTS,201.255,225.0,205.776,3.9,,2.0,true,/home/yakir/mnt/dacke_lab_data/Data/Elin/Project_AllotheticVsIdiothetic_outdoors/calibs.csv,10,"(4, 6)",.,,,1,/home/yakir/mnt/dacke_lab_data/Data/Elin/Project_AllotheticVsIdiothetic_outdoors/./20230113_mirror_dance01_dance_ID51.MTS,2023-01-13T14:54:49.0,,,10.0,3.3216620940531887,0.17288251540856156,0.21327262350579312,2.193951893801525e-12
20230113_mirror_dance01_spontaneous_ID55.MTS,20230113_mirror_dance01_spontaneous_ID55.MTS,206.0,230.8,212.79,3.9,,2.0,true,/home/yakir/mnt/dacke_lab_data/Data/Elin/Project_AllotheticVsIdiothetic_outdoors/calibs.csv,11,"(4, 6)",.,,,1,/home/yakir/mnt/dacke_lab_data/Data/Elin/Project_AllotheticVsIdiothetic_outdoors/./20230113_mirror_dance01_spontaneous_ID55.MTS,2023-01-13T15:32:14.0,,,11.0,0.7967004998816943,0.07451073268782699,0.1158831697945101,3.8461196337095877e-13
20230113_mirror_dance01_dance_ID57.MTS,20230113_mirror_dance01_dance_ID57.MTS,294.137,309.344,298.186,3.9,,2.0,true,/home/yakir/mnt/dacke_lab_data/Data/Elin/Project_AllotheticVsIdiothetic_outdoors/calibs.csv,12,"(4, 6)",.,,,1,/home/yakir/mnt/dacke_lab_data/Data/Elin/Project_AllotheticVsIdiothetic_outdoors/./20230113_mirror_dance01_dance_ID57.MTS,2023-01-13T15:48:56.0,,,5.0,0.686506891329398,0.07640523486037118,0.08226564841312675,1.3501125678277734e-12
20230111_mirror_dance02_spontaneous_ID05.MTS,20230111_mirror_dance02_spontaneous_ID05.MTS,494.269,522.256,495.528,3.9,,2.0,true,/home/yakir/mnt/dacke_lab_data/Data/Elin/Project_AllotheticVsIdiothetic_outdoors/calibs.csv,13,"(4, 6)",.,,,1,/home/yakir/mnt/dacke_lab_data/Data/Elin/Project_AllotheticVsIdiothetic_outdoors/./20230111_mirror_dance02_spontaneous_ID05.MTS,2023-01-11T09:17:14.0,,,12.0,0.7723756865688289,0.08806633642440174,0.1220261404239994,1.0265419638793416e-12
20230111_mirror_dance02_midroll_ID13.MTS,20230111_mirror_dance02_midroll_ID13.MTS,284.873,309.0,285.501,3.9,,2.0,true,/home/yakir/mnt/dacke_lab_data/Data/Elin/Project_AllotheticVsIdiothetic_outdoors/calibs.csv,14,"(4, 6)",.,,,1,/home/yakir/mnt/dacke_lab_data/Data/Elin/Project_AllotheticVsIdiothetic_outdoors/./20230111_mirror_dance02_midroll_ID13.MTS,2023-01-11T15:48:44.0,,,12.0,0.6419341711799401,0.06958489333819624,0.11210485990817902,3.845950093975478e-13
20230111_mirror_dance02_spontaneous_ID14.MTS,20230111_mirror_dance02_spontaneous_ID14.MTS,349.0,399.0,350.0,3.9,,2.0,true,/home/yakir/mnt/dacke_lab_data/Data/Elin/Project_AllotheticVsIdiothetic_outdoors/calibs.csv,15,"(4, 6)",.,,,1,/home/yakir/mnt/dacke_lab_data/Data/Elin/Project_AllotheticVsIdiothetic_outdoors/./20230111_mirror_dance02_spontaneous_ID14.MTS,2023-01-11T15:58:47.0,,,23.0,0.6534013373016844,0.07694338664175585,0.09673033291122801,4.809949883684314e-13
20230112_mirror_dance02_dance_ID25.MTS,20230112_mirror_dance02_dance_ID25.MTS,340.0,375.0,341.372,3.9,,2.0,true,/home/yakir/mnt/dacke_lab_data/Data/Elin/Project_AllotheticVsIdiothetic_outdoors/calibs.csv,16,"(4, 6)",.,,,1,/home/yakir/mnt/dacke_lab_data/Data/Elin/Project_AllotheticVsIdiothetic_outdoors/./20230112_mirror_dance02_dance_ID25.MTS,2023-01-12T10:06:03.0,,,9.0,0.8721341203895905,0.10308415446454201,0.1411591885418545,2.420303628444724e-12
20230112_mirror_dance02_midroll_ID27.MTS,20230112_mirror_dance02_midroll_ID27.MTS,253.6,277.039,255.354,3.9,,2.0,true,/home/yakir/mnt/dacke_lab_data/Data/Elin/Project_AllotheticVsIdiothetic_outdoors/calibs.csv,17,"(4, 6)",.,,,1,/home/yakir/mnt/dacke_lab_data/Data/Elin/Project_AllotheticVsIdiothetic_outdoors/./20230112_mirror_dance02_midroll_ID27.MTS,2023-01-12T14:38:01.0,,,12.0,0.5822966711919475,0.07404106693723776,0.10778916049772418,1.223549043494583e-12
20230112_mirror_dance02_dance_ID35.MTS,20230112_mirror_dance02_dance_ID35.MTS,199.0,219.0,200.0,3.9,,2.0,true,/home/yakir/mnt/dacke_lab_data/Data/Elin/Project_AllotheticVsIdiothetic_outdoors/calibs.csv,18,"(4, 6)",.,,,1,/home/yakir/mnt/dacke_lab_data/Data/Elin/Project_AllotheticVsIdiothetic_outdoors/./20230112_mirror_dance02_dance_ID35.MTS,2023-01-12T15:49:38.0,,,11.0,0.605658013982081,0.07007838251984756,0.09575096820705557,1.4065718729936969e-12
20230113_mirror_dance02_midroll_ID40.MTS,20230113_mirror_dance02_midroll_ID40.MTS,299.0,319.0,303.858,3.9,,2.0,true,/home/yakir/mnt/dacke_lab_data/Data/Elin/Project_AllotheticVsIdiothetic_outdoors/calibs.csv,19,"(4, 6)",.,,,1,/home/yakir/mnt/dacke_lab_data/Data/Elin/Project_AllotheticVsIdiothetic_outdoors/./20230113_mirror_dance02_midroll_ID40.MTS,2023-01-13T08:36:28.0,,,10.0,0.625180625557037,0.07249585560481044,0.11432325503114438,4.222310223116426e-13
20230113_mirror_dance02_dance_ID41.MTS,20230113_mirror_dance02_dance_ID41.MTS,282.0,304.0,284.323,3.9,,2.0,true,/home/yakir/mnt/dacke_lab_data/Data/Elin/Project_AllotheticVsIdiothetic_outdoors/calibs.csv,20,"(4, 6)",.,,,1,/home/yakir/mnt/dacke_lab_data/Data/Elin/Project_AllotheticVsIdiothetic_outdoors/./20230113_mirror_dance02_dance_ID41.MTS,2023-01-13T08:45:52.0,,,12.0,0.6524238293697988,0.07631375436477245,0.1193202063476344,7.634446903991729e-13
20230113_mirror_dance02_dance_ID47.MTS,20230113_mirror_dance02_dance_ID47.MTS,208.0,232.0,212.345,3.9,,2.0,true,/home/yakir/mnt/dacke_lab_data/Data/Elin/Project_AllotheticVsIdiothetic_outdoors/calibs.csv,21,"(4, 6)",.,,,1,/home/yakir/mnt/dacke_lab_data/Data/Elin/Project_AllotheticVsIdiothetic_outdoors/./20230113_mirror_dance02_dance_ID47.MTS,2023-01-13T10:08:39.0,,,13.0,0.8349839840498288,0.08671970981820783,0.11700857109508757,4.033322495732015e-13
20230113_mirror_dance02_midroll_ID54.MTS,20230113_mirror_dance02_midroll_ID54.MTS,251.0,269.0,252.393,3.9,,2.0,true,/home/yakir/mnt/dacke_lab_data/Data/Elin/Project_AllotheticVsIdiothetic_outdoors/calibs.csv,22,"(4, 6)",.,,,1,/home/yakir/mnt/dacke_lab_data/Data/Elin/Project_AllotheticVsIdiothetic_outdoors/./20230113_mirror_dance02_midroll_ID54.MTS,2023-01-13T15:23:24.0,,,8.0,0.6831778266083363,0.06272179765383844,0.10170153229823131,7.221296547123638e-13
20230113_mirror_dance02_spontaneous_ID59.MTS,20230113_mirror_dance02_spontaneous_ID59.MTS,164.0,180.0,165.907,3.9,,2.0,true,/home/yakir/mnt/dacke_lab_data/Data/Elin/Project_AllotheticVsIdiothetic_outdoors/calibs.csv,23,"(4, 6)",.,,,1,/home/yakir/mnt/dacke_lab_data/Data/Elin/Project_AllotheticVsIdiothetic_outdoors/./20230113_mirror_dance02_spontaneous_ID59.MTS,2023-01-13T16:07:26.0,,,6.0,0.5391643061181656,0.06177306677116151,0.08912212435305951,3.552542168332931e-13
20230113_mirror_dance02_dance_ID60.MTS,20230113_mirror_dance02_dance_ID60.MTS,190.0,207.485,194.345,3.9,,2.0,true,/home/yakir/mnt/dacke_lab_data/Data/Elin/Project_AllotheticVsIdiothetic_outdoors/calibs.csv,24,"(4, 6)",.,,,1,/home/yakir/mnt/dacke_lab_data/Data/Elin/Project_AllotheticVsIdiothetic_outdoors/./20230113_mirror_dance02_dance_ID60.MTS,2023-01-13T16:13:05.0,,,10.0,0.7500937433130358,0.06145677855269979,0.08974578172446815,4.695652832292558e-13
20230111_mirror_dance10_midroll_ID02.MTS,20230111_mirror_dance10_midroll_ID02.MTS,476.0,503.0,498.0,3.9,,2.0,true,/home/yakir/mnt/dacke_lab_data/Data/Elin/Project_AllotheticVsIdiothetic_outdoors/calibs.csv,25,"(4, 6)",.,,,1,/home/yakir/mnt/dacke_lab_data/Data/Elin/Project_AllotheticVsIdiothetic_outdoors/./20230111_mirror_dance10_midroll_ID02.MTS,2023-01-11T08:40:20.0,,,12.0,0.47160150768628645,0.054267074040854894,0.0827693048338121,4.947094664379895e-13
20230111_mirror_dance10_ID04_dance_part2.MTS,20230111_mirror_dance10_ID04_dance_part2.MTS,182.0,205.0,196.414,3.9,,2.0,true,/home/yakir/mnt/dacke_lab_data/Data/Elin/Project_AllotheticVsIdiothetic_outdoors/calibs.csv,26,"(4, 6)",.,,,1,/home/yakir/mnt/dacke_lab_data/Data/Elin/Project_AllotheticVsIdiothetic_outdoors/./20230111_mirror_dance10_ID04_dance_part2.MTS,2023-01-11T09:13:01.0,,,7.0,0.7156687048080904,0.09069223634524107,0.1234598529865219,1.1321055958529417e-12
20230111_mirror_dance10_spontaneous_ID08.MTS,20230111_mirror_dance10_spontaneous_ID08.MTS,407.0,447.0,408.6,3.9,,2.0,true,/home/yakir/mnt/dacke_lab_data/Data/Elin/Project_AllotheticVsIdiothetic_outdoors/calibs.csv,27,"(4, 6)",.,,,1,/home/yakir/mnt/dacke_lab_data/Data/Elin/Project_AllotheticVsIdiothetic_outdoors/./20230111_mirror_dance10_spontaneous_ID08.MTS,2023-01-11T14:39:31.0,,,14.0,0.5658929444458302,0.06282784925088368,0.09685773024026291,4.830912880077365e-13
20230111_mirror_dance10_dance_ID10.MTS,20230111_mirror_dance10_dance_ID10.MTS,315.0,362.0,321.0,3.9,,2.0,true,/home/yakir/mnt/dacke_lab_data/Data/Elin/Project_AllotheticVsIdiothetic_outdoors/calibs.csv,28,"(4, 6)",.,,,1,/home/yakir/mnt/dacke_lab_data/Data/Elin/Project_AllotheticVsIdiothetic_outdoors/./20230111_mirror_dance10_dance_ID10.MTS,2023-01-11T15:05:11.0,,,15.0,1.6703783827638947,0.233661616208923,0.4024881602918144,2.075796100174625e-12
20230112_mirror_dance10_midroll_ID16.MTS,20230112_mirror_dance10_midroll_ID16.MTS,415.0,452.0,420.0,3.9,,2.0,true,/home/yakir/mnt/dacke_lab_data/Data/Elin/Project_AllotheticVsIdiothetic_outdoors/calibs.csv,29,"(4, 6)",.,,,1,/home/yakir/mnt/dacke_lab_data/Data/Elin/Project_AllotheticVsIdiothetic_outdoors/./20230112_mirror_dance10_midroll_ID16.MTS,2023-01-12T08:18:56.0,,,20.0,0.8056779719314199,0.08282603479925822,0.10985895942290552,1.064717962202266e-12
20230112_mirror_dance10_dance_ID18_measure.MTS,20230112_mirror_dance10_dance_ID18_measure.MTS,4.0,54.0,7.541,3.9,,2.0,true,/home/yakir/mnt/dacke_lab_data/Data/Elin/Project_AllotheticVsIdiothetic_outdoors/calibs.csv,30,"(4, 6)",.,,,1,/home/yakir/mnt/dacke_lab_data/Data/Elin/Project_AllotheticVsIdiothetic_outdoors/./20230112_mirror_dance10_dance_ID18_measure.MTS,2023-01-12T08:46:42.0,,,25.0,0.6196634360407912,0.059075147069751005,0.08494235510143028,1.024165037438847e-12
20230112_mirror_dance10_midroll_ID20.MTS,20230112_mirror_dance10_midroll_ID20.MTS,585.0,612.0,586.591,3.9,,2.0,false,/home/yakir/mnt/dacke_lab_data/Data/Elin/Project_AllotheticVsIdiothetic_outdoors/calibs.csv,31,"(4, 6)",.,,,1,/home/yakir/mnt/dacke_lab_data/Data/Elin/Project_AllotheticVsIdiothetic_outdoors/./20230112_mirror_dance10_midroll_ID20.MTS,2023-01-12T09:03:42.0,,,12.0,0.7388103309263221,0.08579504723919856,0.15085327050447506,2.5883220813798217e-13
20230112_mirror_dance10_dance_ID22.MTS,20230112_mirror_dance10_dance_ID22.MTS,303.0,324.0,309.25,3.9,,2.0,true,/home/yakir/mnt/dacke_lab_data/Data/Elin/Project_AllotheticVsIdiothetic_outdoors/calibs.csv,32,"(4, 6)",.,,,1,/home/yakir/mnt/dacke_lab_data/Data/Elin/Project_AllotheticVsIdiothetic_outdoors/./20230112_mirror_dance10_dance_ID22.MTS,2023-01-12T09:30:29.0,,,9.0,0.7873382632627997,0.08432365098437856,0.10810002518126004,1.4448141943758924e-12
20230112_mirror_dance10_dance_ID33.MTS,20230112_mirror_dance10_dance_ID33.MTS,382.0,403.0,386.997,3.9,,2.0,true,/home/yakir/mnt/dacke_lab_data/Data/Elin/Project_AllotheticVsIdiothetic_outdoors/calibs.csv,34,"(4, 6)",.,,,1,/home/yakir/mnt/dacke_lab_data/Data/Elin/Project_AllotheticVsIdiothetic_outdoors/./20230112_mirror_dance10_dance_ID33.MTS,2023-01-12T15:29:15.0,,,9.0,1.3850845471226296,0.17228132838359717,0.2330260550077264,5.903575476608505e-13
20230112_mirror_dance10_midroll_ID37.MTS,20230112_mirror_dance10_midroll_ID37.MTS,283.0,300.0,285.0,3.9,,2.0,true,/home/yakir/mnt/dacke_lab_data/Data/Elin/Project_AllotheticVsIdiothetic_outdoors/calibs.csv,35,"(4, 6)",.,,,1,/home/yakir/mnt/dacke_lab_data/Data/Elin/Project_AllotheticVsIdiothetic_outdoors/./20230112_mirror_dance10_midroll_ID37.MTS,2023-01-12T16:08:14.0,,,8.0,0.7730886143267767,0.08985701064705165,0.13550990324852594,9.393534920800411e-13
20230113_mirror_dance10_dance_ID39.MTS,20230113_mirror_dance10_dance_ID39.MTS,524.0,541.0,526.148,3.9,,2.0,true,/home/yakir/mnt/dacke_lab_data/Data/Elin/Project_AllotheticVsIdiothetic_outdoors/calibs.csv,36,"(4, 6)",.,,,1,/home/yakir/mnt/dacke_lab_data/Data/Elin/Project_AllotheticVsIdiothetic_outdoors/./20230113_mirror_dance10_dance_ID39.MTS,2023-01-13T08:22:45.0,,,7.0,0.581436217043694,0.06021002492881146,0.08702755908773208,6.952972052078487e-13
20230113_mirror_dance10_spontaneous_ID43.MTS,20230113_mirror_dance10_spontaneous_ID43.MTS,560.0,582.0,564.0,3.9,,2.0,true,/home/yakir/mnt/dacke_lab_data/Data/Elin/Project_AllotheticVsIdiothetic_outdoors/calibs.csv,37,"(4, 6)",.,,,1,/home/yakir/mnt/dacke_lab_data/Data/Elin/Project_AllotheticVsIdiothetic_outdoors/./20230113_mirror_dance10_spontaneous_ID43.MTS,2023-01-13T09:05:55.0,,,11.0,1.5868995897086662,0.14347940359939648,0.17159621725998592,6.865894150583511e-13
20230113_mirror_dance10_dance_ID45.MTS,20230113_mirror_dance10_dance_ID45.MTS,355.0,392.0,356.0,3.9,,2.0,true,/home/yakir/mnt/dacke_lab_data/Data/Elin/Project_AllotheticVsIdiothetic_outdoors/calibs.csv,38,"(4, 6)",.,,,1,/home/yakir/mnt/dacke_lab_data/Data/Elin/Project_AllotheticVsIdiothetic_outdoors/./20230113_mirror_dance10_dance_ID45.MTS,2023-01-13T09:39:08.0,,,16.0,0.6483249315466189,0.06150868406945186,0.09641162364132967,4.012972992256747e-13
20230113_mirror_dance10_spontaneous_ID50.MTS,20230113_mirror_dance10_spontaneous_ID50.MTS,429.0,453.0,432.176,3.9,,2.0,true,/home/yakir/mnt/dacke_lab_data/Data/Elin/Project_AllotheticVsIdiothetic_outdoors/calibs.csv,39,"(4, 6)",.,,,1,/home/yakir/mnt/dacke_lab_data/Data/Elin/Project_AllotheticVsIdiothetic_outdoors/./20230113_mirror_dance10_spontaneous_ID50.MTS,2023-01-13T14:42:48.0,,,10.0,1.4559659977694948,0.1456539650316205,0.18116227595497886,5.899955973194761e-13
20230113_mirror_dance10_dance_ID52.MTS,20230113_mirror_dance10_dance_ID52.MTS,244.0,265.0,247.347,3.9,,2.0,true,/home/yakir/mnt/dacke_lab_data/Data/Elin/Project_AllotheticVsIdiothetic_outdoors/calibs.csv,40,"(4, 6)",.,,,1,/home/yakir/mnt/dacke_lab_data/Data/Elin/Project_AllotheticVsIdiothetic_outdoors/./20230113_mirror_dance10_dance_ID52.MTS,2023-01-13T15:01:59.0,,,10.0,1.111959151684832,0.09923427984227481,0.1465461625173339,6.834155392739079e-13
20230113_mirror_dance10_midroll_ID56.MTS,20230113_mirror_dance10_midroll_ID56.MTS,298.0,317.0,300.0,3.9,,2.0,true,/home/yakir/mnt/dacke_lab_data/Data/Elin/Project_AllotheticVsIdiothetic_outdoors/calibs.csv,41,"(4, 6)",.,,,1,/home/yakir/mnt/dacke_lab_data/Data/Elin/Project_AllotheticVsIdiothetic_outdoors/./20230113_mirror_dance10_midroll_ID56.MTS,2023-01-13T15:39:41.0,,,11.0,1.124837622010633,0.11227862023552689,0.1618627580201331,3.903030966213058e-13
20230113_mirror_dance10_dance_ID58.MTS,20230113_mirror_dance10_dance_ID58.MTS,292.0,304.0,293.958,3.9,,2.0,true,/home/yakir/mnt/dacke_lab_data/Data/Elin/Project_AllotheticVsIdiothetic_outdoors/calibs.csv,42,"(4, 6)",.,,,1,/home/yakir/mnt/dacke_lab_data/Data/Elin/Project_AllotheticVsIdiothetic_outdoors/./20230113_mirror_dance10_dance_ID58.MTS,2023-01-13T15:58:53.0,,,7.0,1.3792160430077096,0.12743297707282242,0.1548657124473702,3.1911890368938306e-12
20230114_mirror_dance02_midroll_ID61.MTS,20230114_mirror_dance02_midroll_ID61.MTS,231.0,246.0,233.037,3.9,,2.0,true,/home/yakir/mnt/dacke_lab_data/Data/Elin/Project_AllotheticVsIdiothetic_outdoors/calibs.csv,43,"(4, 6)",.,,,1,/home/yakir/mnt/dacke_lab_data/Data/Elin/Project_AllotheticVsIdiothetic_outdoors/./20230114_mirror_dance02_midroll_ID61.MTS,2023-01-14T08:26:07.0,,,9.0,0.7287554431277002,0.0656841637677851,0.12141766727470507,4.558465053152236e-13
20230114_mirror_dance02_dance_ID62.MTS,20230114_mirror_dance02_dance_ID62.MTS,209.0,228.0,210.725,3.9,,2.0,true,/home/yakir/mnt/dacke_lab_data/Data/Elin/Project_AllotheticVsIdiothetic_outdoors/calibs.csv,44,"(4, 6)",.,,,1,/home/yakir/mnt/dacke_lab_data/Data/Elin/Project_AllotheticVsIdiothetic_outdoors/./20230114_mirror_dance02_dance_ID62.MTS,2023-01-14T08:33:32.0,,,10.0,0.9568905749935395,0.07298012066871946,0.09362495373837765,6.34189092001944e-13
20230114_mirror_dance02_midroll_ID63.MTS,20230114_mirror_dance02_midroll_ID63.MTS,170.0,186.0,171.475,3.9,,2.0,true,/home/yakir/mnt/dacke_lab_data/Data/Elin/Project_AllotheticVsIdiothetic_outdoors/calibs.csv,45,"(4, 6)",.,,,1,/home/yakir/mnt/dacke_lab_data/Data/Elin/Project_AllotheticVsIdiothetic_outdoors/./20230114_mirror_dance02_midroll_ID63.MTS,2023-01-14T08:40:05.0,,,7.0,0.876504517156861,0.08167014544917317,0.12105426488818148,4.949084867211511e-13
20230114_mirror_dance02_dance_ID64.MTS,20230114_mirror_dance02_dance_ID64.MTS,447.0,461.0,448.64,3.9,,2.0,true,/home/yakir/mnt/dacke_lab_data/Data/Elin/Project_AllotheticVsIdiothetic_outdoors/calibs.csv,46,"(4, 6)",.,,,1,/home/yakir/mnt/dacke_lab_data/Data/Elin/Project_AllotheticVsIdiothetic_outdoors/./20230114_mirror_dance02_dance_ID64.MTS,2023-01-14T08:47:56.0,,,7.0,0.7753829567639836,0.07236205128922873,0.10112822416492052,4.146588464939927e-13
20230114_mirror_dance02_dance_ID66.MTS,20230114_mirror_dance02_dance_ID66.MTS,178.0,193.0,179.5,3.9,,2.0,true,/home/yakir/mnt/dacke_lab_data/Data/Elin/Project_AllotheticVsIdiothetic_outdoors/calibs.csv,48,"(4, 6)",.,,,1,/home/yakir/mnt/dacke_lab_data/Data/Elin/Project_AllotheticVsIdiothetic_outdoors/./20230114_mirror_dance02_dance_ID66.MTS,2023-01-14T09:07:48.0,,,8.0,3.1334249106851146,0.2568326083029335,0.31731184980497495,7.222427630951236e-13
20230114_mirror_dance02_midroll_ID67.MTS,20230114_mirror_dance02_midroll_ID67.MTS,169.0,183.0,170.053,3.9,,2.0,true,/home/yakir/mnt/dacke_lab_data/Data/Elin/Project_AllotheticVsIdiothetic_outdoors/calibs.csv,49,"(4, 6)",.,,,1,/home/yakir/mnt/dacke_lab_data/Data/Elin/Project_AllotheticVsIdiothetic_outdoors/./20230114_mirror_dance02_midroll_ID67.MTS,2023-01-14T09:14:16.0,,,8.0,0.6168143356762805,0.06126251084834521,0.09506929717621689,3.7404337226369887e-13
20230114_mirror_dance02_dance_ID68.MTS,20230114_mirror_dance02_dance_ID68.MTS,187.0,203.0,188.134,3.9,,2.0,true,/home/yakir/mnt/dacke_lab_data/Data/Elin/Project_AllotheticVsIdiothetic_outdoors/calibs.csv,50,"(4, 6)",.,,,1,/home/yakir/mnt/dacke_lab_data/Data/Elin/Project_AllotheticVsIdiothetic_outdoors/./20230114_mirror_dance02_dance_ID68.MTS,2023-01-14T09:21:33.0,,,8.0,1.1140411894569544,0.10614258708177364,0.15473440403277394,1.3388287575974069e-12
20230114_mirror_dance02_midroll_ID69.MTS,20230114_mirror_dance02_midroll_ID69.MTS,195.0,212.0,197.766,3.9,,2.0,true,/home/yakir/mnt/dacke_lab_data/Data/Elin/Project_AllotheticVsIdiothetic_outdoors/calibs.csv,51,"(4, 6)",.,,,1,/home/yakir/mnt/dacke_lab_data/Data/Elin/Project_AllotheticVsIdiothetic_outdoors/./20230114_mirror_dance02_midroll_ID69.MTS,2023-01-14T09:28:49.0,,,10.0,1.2910223502292193,0.13063686642155178,0.22652180715051362,3.753657916875845e-13
20230114_mirror_dance02_dance_ID70.MTS,20230114_mirror_dance02_dance_ID70.MTS,197.0,211.0,198.215,3.9,,2.0,true,/home/yakir/mnt/dacke_lab_data/Data/Elin/Project_AllotheticVsIdiothetic_outdoors/calibs.csv,52,"(4, 6)",.,,,1,/home/yakir/mnt/dacke_lab_data/Data/Elin/Project_AllotheticVsIdiothetic_outdoors/./20230114_mirror_dance02_dance_ID70.MTS,2023-01-14T09:36:31.0,,,8.0,0.7306982704621655,0.0725532010620173,0.12150161668773672,1.3132598324909081e-12
20230114_mirror_dance02_midroll_ID71.MTS,20230114_mirror_dance02_midroll_ID71.MTS,552.0,564.0,555.445,3.9,,2.0,true,/home/yakir/mnt/dacke_lab_data/Data/Elin/Project_AllotheticVsIdiothetic_outdoors/calibs.csv,53,"(4, 6)",.,,,1,/home/yakir/mnt/dacke_lab_data/Data/Elin/Project_AllotheticVsIdiothetic_outdoors/./20230114_mirror_dance02_midroll_ID71.MTS,2023-01-14T09:42:32.0,,,5.0,0.5825019882950175,0.08690116555681028,0.12260285055205086,3.792606919729701e-13
20230114_mirror_dance02_midroll_ID73.MTS,20230114_mirror_dance02_midroll_ID73.MTS,244.0,260.0,245.275,3.9,,2.0,true,/home/yakir/mnt/dacke_lab_data/Data/Elin/Project_AllotheticVsIdiothetic_outdoors/calibs.csv,55,"(4, 6)",.,,,1,/home/yakir/mnt/dacke_lab_data/Data/Elin/Project_AllotheticVsIdiothetic_outdoors/./20230114_mirror_dance02_midroll_ID73.MTS,2023-01-14T10:02:22.0,,,1.0,0.3214107714505954,0.039905519001784844,0.04386875134511986,7.83978478739505e-13
20230114_mirror_dance02_dance_ID76.MTS,20230114_mirror_dance02_dance_ID76.MTS,303.0,319.0,306.374,3.9,,2.0,true,/home/yakir/mnt/dacke_lab_data/Data/Elin/Project_AllotheticVsIdiothetic_outdoors/calibs.csv,57,"(4, 6)",.,,,1,/home/yakir/mnt/dacke_lab_data/Data/Elin/Project_AllotheticVsIdiothetic_outdoors/./20230114_mirror_dance02_dance_ID76.MTS,2023-01-14T14:37:57.0,,,4.0,0.6123761156404929,0.06681208827266105,0.11356638234849536,6.90898109490867e-13
20230114_mirror_dance02_spontaneous_ID77.MTS,20230114_mirror_dance02_spontaneous_ID77.MTS,385.0,399.0,390.513,3.9,,2.0,true,/home/yakir/mnt/dacke_lab_data/Data/Elin/Project_AllotheticVsIdiothetic_outdoors/calibs.csv,58,"(4, 6)",.,,,1,/home/yakir/mnt/dacke_lab_data/Data/Elin/Project_AllotheticVsIdiothetic_outdoors/./20230114_mirror_dance02_spontaneous_ID77.MTS,2023-01-14T14:47:00.0,,,3.0,0.13482848595953908,0.01747343907061805,0.02556594660646115,6.383150497320915e-13
20230114_mirror_dance02_midroll_ID81.MTS,20230114_mirror_dance02_midroll_ID81.MTS,276.0,301.0,282.799,3.9,,2.0,true,/home/yakir/mnt/dacke_lab_data/Data/Elin/Project_AllotheticVsIdiothetic_outdoors/calibs.csv,59,"(4, 6)",.,,,1,/home/yakir/mnt/dacke_lab_data/Data/Elin/Project_AllotheticVsIdiothetic_outdoors/./20230114_mirror_dance02_midroll_ID81.MTS,2023-01-14T15:47:28.0,,,8.0,3.876763720370235,0.3546087152925921,0.18540570837576617,6.023788464764527e-13
20230116_mirror_dance01_ID84_and_dance10_ID85.MTS,20230116_mirror_dance01_ID84_and_dance10_ID85.MTS,261.0,276.0,261.654,3.9,,2.0,true,/home/yakir/mnt/dacke_lab_data/Data/Elin/Project_AllotheticVsIdiothetic_outdoors/calibs.csv,60,"(4, 6)",.,,,1,/home/yakir/mnt/dacke_lab_data/Data/Elin/Project_AllotheticVsIdiothetic_outdoors/./20230116_mirror_dance01_ID84_and_dance10_ID85.MTS,2023-01-16T08:28:40.0,,,7.0,0.846457998719991,0.08927921489066898,0.136829835558234,4.189730766427643e-13
20230116_dance10_ID85_measure.MTS,20230116_dance10_ID85_measure.MTS,0.0,7.0,2.055,3.9,,2.0,true,/home/yakir/mnt/dacke_lab_data/Data/Elin/Project_AllotheticVsIdiothetic_outdoors/calibs.csv,61,"(4, 6)",.,,,1,/home/yakir/mnt/dacke_lab_data/Data/Elin/Project_AllotheticVsIdiothetic_outdoors/./20230116_dance10_ID85_measure.MTS,2023-01-16T08:39:15.0,,,5.0,0.9211527383298109,0.10466789562056103,0.13461338459417338,4.972577564656418e-13
20230116_mirror_dance10_midroll_ID87_part2.MTS,20230116_mirror_dance10_midroll_ID87_part2.MTS,28.0,40.0,32.105,3.9,,2.0,true,/home/yakir/mnt/dacke_lab_data/Data/Elin/Project_AllotheticVsIdiothetic_outdoors/calibs.csv,62,"(4, 6)",.,,,1,/home/yakir/mnt/dacke_lab_data/Data/Elin/Project_AllotheticVsIdiothetic_outdoors/./20230116_mirror_dance10_midroll_ID87_part2.MTS,2023-01-16T09:09:21.0,,,5.0,0.34393841319799817,0.042368592644997045,0.06292156395841408,6.071963338545014e-13
20230118_mirror_dance01_dance_ID131.MTS,20230118_mirror_dance01_dance_ID131.MTS,186.0,200.0,189.043,3.9,,2.0,true,/home/yakir/mnt/dacke_lab_data/Data/Elin/Project_AllotheticVsIdiothetic_outdoors/calibs.csv,63,"(4, 6)",.,,,1,/home/yakir/mnt/dacke_lab_data/Data/Elin/Project_AllotheticVsIdiothetic_outdoors/./20230118_mirror_dance01_dance_ID131.MTS,2023-01-18T14:32:40.0,,,8.0,0.7517555604570274,0.07511343485980186,0.10726397243677459,1.7646368065574816e-12
20230118_mirror_dance10_dance_ID132.MTS,20230118_mirror_dance10_dance_ID132.MTS,199.0,223.0,200.463,3.9,,2.0,true,/home/yakir/mnt/dacke_lab_data/Data/Elin/Project_AllotheticVsIdiothetic_outdoors/calibs.csv,64,"(4, 6)",.,,,1,/home/yakir/mnt/dacke_lab_data/Data/Elin/Project_AllotheticVsIdiothetic_outdoors/./20230118_mirror_dance10_dance_ID132.MTS,2023-01-18T14:49:14.0,,,8.0,0.6130082894396962,0.06358749015239819,0.11069185562383393,3.271555823485412e-13
20230118_mirror_dance10_dance_ID133.MTS,20230118_mirror_dance10_dance_ID133.MTS,445.0,457.0,445.846,3.9,,2.0,true,/home/yakir/mnt/dacke_lab_data/Data/Elin/Project_AllotheticVsIdiothetic_outdoors/calibs.csv,65,"(4, 6)",.,,,1,/home/yakir/mnt/dacke_lab_data/Data/Elin/Project_AllotheticVsIdiothetic_outdoors/./20230118_mirror_dance10_dance_ID133.MTS,2023-01-18T14:56:41.0,,,7.0,1.636686134960894,0.16452275338474712,0.19481911935604665,6.144830302283986e-13
20230118_mirror_dance01_dance_ID134.MTS,20230118_mirror_dance01_dance_ID134.MTS,174.0,187.0,177.607,3.9,,2.0,true,/home/yakir/mnt/dacke_lab_data/Data/Elin/Project_AllotheticVsIdiothetic_outdoors/calibs.csv,66,"(4, 6)",.,,,1,/home/yakir/mnt/dacke_lab_data/Data/Elin/Project_AllotheticVsIdiothetic_outdoors/./20230118_mirror_dance01_dance_ID134.MTS,2023-01-18T15:10:14.0,,,8.0,1.5533035485818274,0.13997375530078188,0.18900861918355322,7.591688457214864e-13
20230118_mirror_dance10_dance_ID135.MTS,20230118_mirror_dance10_dance_ID135.MTS,304.0,322.0,311.5,3.9,*board never really flat on ground throughout video,2.0,true,/home/yakir/mnt/dacke_lab_data/Data/Elin/Project_AllotheticVsIdiothetic_outdoors/calibs.csv,67,"(4, 6)",.,,,1,/home/yakir/mnt/dacke_lab_data/Data/Elin/Project_AllotheticVsIdiothetic_outdoors/./20230118_mirror_dance10_dance_ID135.MTS,2023-01-18T15:17:19.0,,,10.0,0.6118310033812598,0.06855208169081556,0.11580554063273304,4.0181408965807163e-13
20230118_mirror_dance01_dance_ID136.MTS,20230118_mirror_dance01_dance_ID136.MTS,147.0,163.0,152.23,3.9,,2.0,true,/home/yakir/mnt/dacke_lab_data/Data/Elin/Project_AllotheticVsIdiothetic_outdoors/calibs.csv,68,"(4, 6)",.,,,1,/home/yakir/mnt/dacke_lab_data/Data/Elin/Project_AllotheticVsIdiothetic_outdoors/./20230118_mirror_dance01_dance_ID136.MTS,2023-01-18T15:26:00.0,,,7.0,0.7338821064792085,0.0888175210790943,0.11389549591109821,2.6854411435284614e-12
20230118_mirror_dance10_dance_ID137.MTS,20230118_mirror_dance10_dance_ID137.MTS,266.0,282.0,268.4,3.9,*board never really flat on ground throughout video,2.0,true,/home/yakir/mnt/dacke_lab_data/Data/Elin/Project_AllotheticVsIdiothetic_outdoors/calibs.csv,69,"(4, 6)",.,,,1,/home/yakir/mnt/dacke_lab_data/Data/Elin/Project_AllotheticVsIdiothetic_outdoors/./20230118_mirror_dance10_dance_ID137.MTS,2023-01-18T15:30:56.0,,,7.0,0.4908435531787005,0.04879520213815206,0.0655709116446028,4.920589040142877e-13
20230118_mirror_dance01_dance_ID138.MTS,20230118_mirror_dance01_dance_ID138.MTS,265.0,282.0,265.782,3.9,,2.0,true,/home/yakir/mnt/dacke_lab_data/Data/Elin/Project_AllotheticVsIdiothetic_outdoors/calibs.csv,70,"(4, 6)",.,,,1,/home/yakir/mnt/dacke_lab_data/Data/Elin/Project_AllotheticVsIdiothetic_outdoors/./20230118_mirror_dance01_dance_ID138.MTS,2023-01-18T15:39:02.0,,,8.0,1.3920645725261862,0.17971993472159078,0.35365349167150256,3.6570385455218317e-13
20230118_mirror_dance10_dance_ID139.MTS,20230118_mirror_dance10_dance_ID139.MTS,218.0,234.0,220.5,3.9,*board never really flat on ground throughout video,2.0,true,/home/yakir/mnt/dacke_lab_data/Data/Elin/Project_AllotheticVsIdiothetic_outdoors/calibs.csv,71,"(4, 6)",.,,,1,/home/yakir/mnt/dacke_lab_data/Data/Elin/Project_AllotheticVsIdiothetic_outdoors/./20230118_mirror_dance10_dance_ID139.MTS,2023-01-18T15:46:42.0,,,7.0,0.7146821282841974,0.08070898735468311,0.11228940648940752,1.5568685270529633e-12
20230118_mirror_dance10_dance_ID140.MTS,20230118_mirror_dance10_dance_ID140.MTS,225.0,243.0,226.7,3.9,*board never really flat on ground throughout video,2.0,true,/home/yakir/mnt/dacke_lab_data/Data/Elin/Project_AllotheticVsIdiothetic_outdoors/calibs.csv,72,"(4, 6)",.,,,1,/home/yakir/mnt/dacke_lab_data/Data/Elin/Project_AllotheticVsIdiothetic_outdoors/./20230118_mirror_dance10_dance_ID140.MTS,2023-01-18T15:54:00.0,,,10.0,1.2839516752209656,0.12441997154340283,0.1570865896865279,2.2484403874860283e-12
20231115_10_dances_01_midroll_B01.MTS,20231115_10_dances_01_midroll_B01.MTS,322.0,332.0,323.0,4.1,,2.0,true,/home/yakir/mnt/dacke_lab_data/Data/Elin/Project_AllotheticVsIdiothetic_outdoors/calibs.csv,73,"(4, 6)",.,,,1,/home/yakir/mnt/dacke_lab_data/Data/Elin/Project_AllotheticVsIdiothetic_outdoors/./20231115_10_dances_01_midroll_B01.MTS,2023-11-15T08:22:30.0,,,5.0,1.152886408979558,0.1908796810116812,0.3103726012152418,3.9044769891693104e-13
20231115_10_dances_05_midroll_B09.MTS,20231115_10_dances_05_midroll_B09.MTS,176.0,184.0,177.059,4.1,,2.0,true,/home/yakir/mnt/dacke_lab_data/Data/Elin/Project_AllotheticVsIdiothetic_outdoors/calibs.csv,75,"(4, 6)",.,,,1,/home/yakir/mnt/dacke_lab_data/Data/Elin/Project_AllotheticVsIdiothetic_outdoors/./20231115_10_dances_05_midroll_B09.MTS,2023-11-15T14:01:47.0,,,3.0,1.04928419191695,0.18557284414933461,0.2765130271590555,1.927508793685463e-12
20231115_10_dances_06_spontaneous_B12.MTS,20231115_10_dances_06_spontaneous_B12.MTS,190.0,201.0,191.65,4.1,,2.0,true,/home/yakir/mnt/dacke_lab_data/Data/Elin/Project_AllotheticVsIdiothetic_outdoors/calibs.csv,76,"(4, 6)",.,,,1,/home/yakir/mnt/dacke_lab_data/Data/Elin/Project_AllotheticVsIdiothetic_outdoors/./20231115_10_dances_06_spontaneous_B12.MTS,2023-11-15T14:32:59.0,,,6.0,0.9528149471832454,0.12026821337226565,0.19223302589064825,5.525824186666285e-13
20231115_10_dances_07_midroll_B15.MTS,20231115_10_dances_07_midroll_B15.MTS,184.0,201.0,198.478,4.1,,2.0,true,/home/yakir/mnt/dacke_lab_data/Data/Elin/Project_AllotheticVsIdiothetic_outdoors/calibs.csv,77,"(4, 6)",.,,,1,/home/yakir/mnt/dacke_lab_data/Data/Elin/Project_AllotheticVsIdiothetic_outdoors/./20231115_10_dances_07_midroll_B15.MTS,2023-11-15T15:02:33.0,,,8.0,1.1737515845234605,0.14067335569321576,0.18851921165925598,4.0430816910735073e-13
20231115_01_dances_01_spontaneous_B02.MTS,20231115_01_dances_01_spontaneous_B02.MTS,282.0,290.0,283.472,4.1,,2.0,true,/home/yakir/mnt/dacke_lab_data/Data/Elin/Project_AllotheticVsIdiothetic_outdoors/calibs.csv,79,"(4, 6)",.,,,1,/home/yakir/mnt/dacke_lab_data/Data/Elin/Project_AllotheticVsIdiothetic_outdoors/./20231115_01_dances_01_spontaneous_B02.MTS,2023-11-15T08:39:55.0,,,5.0,0.8103864765323467,0.12132568327319627,0.20164631958851997,6.665261402858976e-13
20231115_01_dances_03_midroll_B06.MTS,20231115_01_dances_03_midroll_B06.MTS,365.0,372.0,369.161,4.1,,2.0,true,/home/yakir/mnt/dacke_lab_data/Data/Elin/Project_AllotheticVsIdiothetic_outdoors/calibs.csv,81,"(4, 6)",.,,,1,/home/yakir/mnt/dacke_lab_data/Data/Elin/Project_AllotheticVsIdiothetic_outdoors/./20231115_01_dances_03_midroll_B06.MTS,2023-11-15T09:19:56.0,,,5.0,2.2103450767400528,0.2437208171668914,0.3049129805822227,1.3891370705810941e-12
20231115_01_dances_04_spontaneous_B08.MTS,20231115_01_dances_04_spontaneous_B08.MTS,240.0,248.0,246.645,4.1,,2.0,true,/home/yakir/mnt/dacke_lab_data/Data/Elin/Project_AllotheticVsIdiothetic_outdoors/calibs.csv,82,"(4, 6)",.,,,1,/home/yakir/mnt/dacke_lab_data/Data/Elin/Project_AllotheticVsIdiothetic_outdoors/./20231115_01_dances_04_spontaneous_B08.MTS,2023-11-15T09:41:54.0,,,2.0,0.29400688270704783,0.04971464260603458,0.06686927101825135,4.806830018190209e-13
20231115_01_dances_05_spontaneous_B10.MTS,20231115_01_dances_05_spontaneous_B10.MTS,125.0,135.0,127.454,4.1,,2.0,true,/home/yakir/mnt/dacke_lab_data/Data/Elin/Project_AllotheticVsIdiothetic_outdoors/calibs.csv,83,"(4, 6)",.,,,1,/home/yakir/mnt/dacke_lab_data/Data/Elin/Project_AllotheticVsIdiothetic_outdoors/./20231115_01_dances_05_spontaneous_B10.MTS,2023-11-15T14:13:20.0,,,6.0,1.0983598680479953,0.17593718303576858,0.28488276428684406,2.802948794087526e-12
20231115_01_dances_06_spontaneous_B13.MTS,20231115_01_dances_06_spontaneous_B13.MTS,219.0,228.0,220.714,4.1,,2.0,true,/home/yakir/mnt/dacke_lab_data/Data/Elin/Project_AllotheticVsIdiothetic_outdoors/calibs.csv,84,"(4, 6)",.,,,1,/home/yakir/mnt/dacke_lab_data/Data/Elin/Project_AllotheticVsIdiothetic_outdoors/./20231115_01_dances_06_spontaneous_B13.MTS,2023-11-15T14:42:03.0,,,4.0,0.7488745751453829,0.12997881005484152,0.21327439739460463,6.733134516185029e-13
20231115_01_dances_07_spontaneous_B16.MTS,20231115_01_dances_07_spontaneous_B16.MTS,184.0,191.0,185.426,4.1,,2.0,true,/home/yakir/mnt/dacke_lab_data/Data/Elin/Project_AllotheticVsIdiothetic_outdoors/calibs.csv,85,"(4, 6)",.,,,1,/home/yakir/mnt/dacke_lab_data/Data/Elin/Project_AllotheticVsIdiothetic_outdoors/./20231115_01_dances_07_spontaneous_B16.MTS,2023-11-15T15:11:35.0,,,3.0,0.721964879705959,0.11788263994745715,0.18525709075163616,1.445666111508675e-12
20231116_01_dances_08_midroll_B18.MTS,20231116_01_dances_08_midroll_B18.MTS,169.0,178.0,170.669,4.1,,2.0,true,/home/yakir/mnt/dacke_lab_data/Data/Elin/Project_AllotheticVsIdiothetic_outdoors/calibs.csv,86,"(4, 6)",.,,,1,/home/yakir/mnt/dacke_lab_data/Data/Elin/Project_AllotheticVsIdiothetic_outdoors/./20231116_01_dances_08_midroll_B18.MTS,2023-11-16T08:14:55.0,,,6.0,0.6861265482101413,0.10113353129349588,0.15688671192505044,1.291023802699352e-12
20231115_02_dances_01_midroll_B11.MTS,20231115_02_dances_01_midroll_B11.MTS,454.0,499.0,455.487,4.1,,2.0,true,/home/yakir/mnt/dacke_lab_data/Data/Elin/Project_AllotheticVsIdiothetic_outdoors/calibs.csv,88,"(4, 6)",.,,,1,/home/yakir/mnt/dacke_lab_data/Data/Elin/Project_AllotheticVsIdiothetic_outdoors/./20231115_02_dances_01_midroll_B11.MTS,2023-11-15T14:20:34.0,,,14.0,0.7294818627294405,0.1138004981296664,0.1692612785437363,3.562908120145199e-13
20231115_02_dances_02_midroll_B14.MTS,20231115_02_dances_02_midroll_B14.MTS,212.0,223.0,213.967,4.1,,2.0,true,/home/yakir/mnt/dacke_lab_data/Data/Elin/Project_AllotheticVsIdiothetic_outdoors/calibs.csv,89,"(4, 6)",.,,,1,/home/yakir/mnt/dacke_lab_data/Data/Elin/Project_AllotheticVsIdiothetic_outdoors/./20231115_02_dances_02_midroll_B14.MTS,2023-11-15T14:53:33.0,,,7.0,0.79788738262107,0.10466221808287109,0.14088723625134628,5.952850807170601e-13
20231116_02_dances_03_midroll_B19.MTS,20231116_02_dances_03_midroll_B19.MTS,266.0,273.0,267.896,4.1,,2.0,true,/home/yakir/mnt/dacke_lab_data/Data/Elin/Project_AllotheticVsIdiothetic_outdoors/calibs.csv,90,"(4, 6)",.,,,1,/home/yakir/mnt/dacke_lab_data/Data/Elin/Project_AllotheticVsIdiothetic_outdoors/./20231116_02_dances_03_midroll_B19.MTS,2023-11-16T08:22:24.0,,,4.0,1.378877002503088,0.16285756538496363,0.2055912930940144,1.7491022330643562e-12
20231116_02_dances_06_midroll_B24.MTS,20231116_02_dances_06_midroll_B24.MTS,276.0,318.0,277.709,4.1,,2.0,true,/home/yakir/mnt/dacke_lab_data/Data/Elin/Project_AllotheticVsIdiothetic_outdoors/calibs.csv,92,"(4, 6)",.,,,1,/home/yakir/mnt/dacke_lab_data/Data/Elin/Project_AllotheticVsIdiothetic_outdoors/./20231116_02_dances_06_midroll_B24.MTS,2023-11-16T09:17:58.0,,,15.0,0.891171886221921,0.15109962407621297,0.22915979980402293,4.0647946918671723e-13
20231116_02_dances_07_midroll_B25.MTS,20231116_02_dances_07_midroll_B25.MTS,233.0,248.0,240.79,4.1,,2.0,true,/home/yakir/mnt/dacke_lab_data/Data/Elin/Project_AllotheticVsIdiothetic_outdoors/calibs.csv,93,"(4, 6)",.,,,1,/home/yakir/mnt/dacke_lab_data/Data/Elin/Project_AllotheticVsIdiothetic_outdoors/./20231116_02_dances_07_midroll_B25.MTS,2023-11-16T09:29:18.0,,,4.0,0.9629583984078905,0.14624925744242417,0.2735170988467458,5.366701280602484e-13
20231116_02_dances_08_midroll_B26.MTS,20231116_02_dances_08_midroll_B26.MTS,190.0,198.0,191.29,4.1,,2.0,true,/home/yakir/mnt/dacke_lab_data/Data/Elin/Project_AllotheticVsIdiothetic_outdoors/calibs.csv,94,"(4, 6)",.,,,1,/home/yakir/mnt/dacke_lab_data/Data/Elin/Project_AllotheticVsIdiothetic_outdoors/./20231116_02_dances_08_midroll_B26.MTS,2023-11-16T09:38:31.0,,,3.0,0.2500002950177577,0.03982787520641504,0.055479447332737186,5.091428239776351e-13
20231117_02_dances_09_midroll_B27.MTS,20231117_02_dances_09_midroll_B27.MTS,253.0,264.0,254.542,4.1,,2.0,true,/home/yakir/mnt/dacke_lab_data/Data/Elin/Project_AllotheticVsIdiothetic_outdoors/calibs.csv,95,"(4, 6)",.,,,1,/home/yakir/mnt/dacke_lab_data/Data/Elin/Project_AllotheticVsIdiothetic_outdoors/./20231117_02_dances_09_midroll_B27.MTS,2023-11-17T08:28:26.0,,,7.0,0.9495332758390264,0.16507578855562144,0.27110699595770205,1.5495403713222551e-12
20231117_02_dances_10_midroll_B28.MTS,20231117_02_dances_10_midroll_B28.MTS,184.0,194.0,185.613,4.1,,2.0,true,/home/yakir/mnt/dacke_lab_data/Data/Elin/Project_AllotheticVsIdiothetic_outdoors/calibs.csv,96,"(4, 6)",.,,,1,/home/yakir/mnt/dacke_lab_data/Data/Elin/Project_AllotheticVsIdiothetic_outdoors/./20231117_02_dances_10_midroll_B28.MTS,2023-11-17T08:38:07.0,,,4.0,0.23639279071352415,0.03930446561350276,0.05200186214552597,2.251169135664462e-12
20221120_mirror_dance10_midroll_Bela-Bela_02.MTS,20221120_mirror_dance10_midroll_Bela-Bela_02.MTS,220.0,259.0,220.449,4.1,,2.0,true,/home/yakir/mnt/dacke_lab_data/Data/Elin/Project_AllotheticVsIdiothetic_outdoors/calibs.csv,97,"(4, 6)",.,,,1,/home/yakir/mnt/dacke_lab_data/Data/Elin/Project_AllotheticVsIdiothetic_outdoors/./20221120_mirror_dance10_midroll_Bela-Bela_02.MTS,2022-11-19T21:59:23.0,,,17.0,1.1446619976400638,0.1499451943632921,0.22557732749383178,5.278028874385128e-13
20221123_mirror_dance10_midroll_Bela-Bela_20.MTS,20221123_mirror_dance10_midroll_Bela-Bela_20.MTS,452.0,462.0,452.609,4.1,,2.0,true,/home/yakir/mnt/dacke_lab_data/Data/Elin/Project_AllotheticVsIdiothetic_outdoors/calibs.csv,110,"(4, 6)",.,,,1,/home/yakir/mnt/dacke_lab_data/Data/Elin/Project_AllotheticVsIdiothetic_outdoors/./20221123_mirror_dance10_midroll_Bela-Bela_20.MTS,2022-11-23T03:31:24.0,,,5.0,0.5769380357544054,0.08677099339928329,0.1150562592688427,5.568067146119901e-13
20221126_mirror_dance02_midroll_Bela-Bela_28.MTS,20221126_mirror_dance02_midroll_Bela-Bela_28.MTS,482.0,494.0,484.843,4.1,,2.0,true,/home/yakir/mnt/dacke_lab_data/Data/Elin/Project_AllotheticVsIdiothetic_outdoors/calibs.csv,117,"(4, 6)",.,,,1,/home/yakir/mnt/dacke_lab_data/Data/Elin/Project_AllotheticVsIdiothetic_outdoors/./20221126_mirror_dance02_midroll_Bela-Bela_28.MTS,2022-11-26T03:02:32.0,,,5.0,0.32791227420138225,0.04618292367041867,0.06545744878154496,4.906667326582957e-13
20221127_mirror_dance02_midroll_Bela-Bela_29.MTS,20221127_mirror_dance02_midroll_Bela-Bela_29.MTS,170.0,199.0,172.648,4.1,,2.0,true,/home/yakir/mnt/dacke_lab_data/Data/Elin/Project_AllotheticVsIdiothetic_outdoors/calibs.csv,118,"(4, 6)",.,,,1,/home/yakir/mnt/dacke_lab_data/Data/Elin/Project_AllotheticVsIdiothetic_outdoors/./20221127_mirror_dance02_midroll_Bela-Bela_29.MTS,2022-11-27T02:31:41.0,,,15.0,1.9338287097790252,0.1580979459793193,0.21398129794342838,4.834470439041e-13
20221127_mirror_dance02_midroll_Bela-Bela_30.MTS,20221127_mirror_dance02_midroll_Bela-Bela_30.MTS,185.0,210.0,190.025,4.1,,2.0,true,/home/yakir/mnt/dacke_lab_data/Data/Elin/Project_AllotheticVsIdiothetic_outdoors/calibs.csv,119,"(4, 6)",.,,,1,/home/yakir/mnt/dacke_lab_data/Data/Elin/Project_AllotheticVsIdiothetic_outdoors/./20221127_mirror_dance02_midroll_Bela-Bela_30.MTS,2022-11-27T02:38:06.0,,,11.0,0.7909044459072819,0.10486936037596709,0.16909055679937052,3.717069043979488e-13
20221127_mirror_dance02_spontaneous_Bela-Bela_31.MTS,20221127_mirror_dance02_spontaneous_Bela-Bela_31.MTS,197.0,222.0,200.732,4.1,,2.0,true,/home/yakir/mnt/dacke_lab_data/Data/Elin/Project_AllotheticVsIdiothetic_outdoors/calibs.csv,120,"(4, 6)",.,,,1,/home/yakir/mnt/dacke_lab_data/Data/Elin/Project_AllotheticVsIdiothetic_outdoors/./20221127_mirror_dance02_spontaneous_Bela-Bela_31.MTS,2022-11-27T03:04:00.0,,,14.0,0.5774297302890659,0.06408465281202398,0.09489258613092053,4.298550188455932e-13
20230112_mirror_dance02_ID23.MTS,20230112_mirror_dance02_ID23.MTS,176.0,202.0,177.34,3.9,,2.0,true,/home/yakir/mnt/dacke_lab_data/Data/Elin/Project_AllotheticVsIdiothetic_outdoors/calibs.csv,121,"(4, 6)",.,,,1,/home/yakir/mnt/dacke_lab_data/Data/Elin/Project_AllotheticVsIdiothetic_outdoors/./20230112_mirror_dance02_ID23.MTS,2023-01-12T09:41:05.0,,,3.0,1.5475377379758672,0.2013794974185446,0.39612015562135144,2.032852012382827e-12
20230113_mirror_dance02_ID46.MTS,20230113_mirror_dance02_ID46.MTS,462.0,484.0,462.408,3.9,,2.0,true,/home/yakir/mnt/dacke_lab_data/Data/Elin/Project_AllotheticVsIdiothetic_outdoors/calibs.csv,123,"(4, 6)",.,,,1,/home/yakir/mnt/dacke_lab_data/Data/Elin/Project_AllotheticVsIdiothetic_outdoors/./20230113_mirror_dance02_ID46.MTS,2023-01-13T09:50:19.0,,,12.0,0.921843788921295,0.07911879493461794,0.13856543431968638,5.418455746945226e-13
