run_id,index,beetle_id,runs_dance,spontaneous_start,spontaneous_end,distance_cm,place,light,dance_by,at_run,condition,calibration_id,comment,row_number,target_width,runs_path,window_size,fps,runs_fullfile,runs_recording_datetime,start_datetime,poi,runs_file,start,stop,start_location,tij_file
1,1,ID03,,00:02:55.50,00:03:02.8,460,outdoors,shift,no,1,450cm_spontaneous_run01_pre,20230111_mirror_dance01_spontaneous_ID03.MTS,,1,40,.,20,,/home/yakir/mnt/dacke_lab_data/Data/Elin/Project_AllotheticVsIdiothetic_outdoors/./20230111_mirror_dance01_spontaneous_ID03.MTS,2023-01-11T08:52:27.0,2023-01-11T08:55:18.0,175.5,20230111_mirror_dance01_spontaneous_ID03.MTS,170.86,205.0,,1.csv
2,2,ID09,00:03:54.835,,,460,outdoors,shift,hold,1,450cm_dance_run01_pre,20230111_mirror_dance01_dance_ID09.MTS,,2,40,.,20,,/home/yakir/mnt/dacke_lab_data/Data/Elin/Project_AllotheticVsIdiothetic_outdoors/./20230111_mirror_dance01_dance_ID09.MTS,2023-01-11T14:53:21.0,2023-01-11T14:57:11.0,234.835,"[""20230111_mirror_dance01_dance_ID09.MTS"", ""20230111_mirror_dance01_dance_ID09.MTS""]","[230.0, 257.9]","[234.835, 274.5]","Union{Missing, Tuple{Int64, Int64}}[missing, missing]",2.csv
3,4,ID15,,,,460,outdoors,shift,no,1,450cm_midroll_run01,20230111_mirror_dance01_midroll_ID15.MTS,,4,40,.,20,,/home/yakir/mnt/dacke_lab_data/Data/Elin/Project_AllotheticVsIdiothetic_outdoors/./20230111_mirror_dance01_midroll_ID15.MTS,2023-01-11T16:13:45.0,2023-01-11T16:18:00.0,261.111,20230111_mirror_dance01_midroll_ID15.MTS,255.263,293.235,,3.csv
4,5,ID17,,,,460,outdoors,shift,no,1,450cm_midroll_run01,20230112_mirror_dance01_midroll_ID17.MTS,"start tracking from POI frame, but use path in sand to track the path a bit before",5,40,.,20,,/home/yakir/mnt/dacke_lab_data/Data/Elin/Project_AllotheticVsIdiothetic_outdoors/./20230112_mirror_dance01_midroll_ID17.MTS,2023-01-12T08:31:34.0,2023-01-12T08:34:14.0,161.0,20230112_mirror_dance01_midroll_ID17.MTS,159.789,178.0,,4.csv
5,6,ID29,,00:02:04.248,00:02:08.387,460,outdoors,shift,no,1,450cm_spontaneous_run01_pre,20230112_mirror_dance01_spontaneous_ID29.MTS,,6,40,.,20,,/home/yakir/mnt/dacke_lab_data/Data/Elin/Project_AllotheticVsIdiothetic_outdoors/./20230112_mirror_dance01_spontaneous_ID29.MTS,2023-01-12T14:54:32.0,2023-01-12T14:56:23.0,115.0,20230112_mirror_dance01_spontaneous_ID29.MTS,110.749,156.551,,5.csv
6,7,ID36,,,,460,outdoors,shift,no,1,450cm_midroll_run01,20230112_mirror_dance01_midroll_ID36.MTS,,7,40,.,20,,/home/yakir/mnt/dacke_lab_data/Data/Elin/Project_AllotheticVsIdiothetic_outdoors/./20230112_mirror_dance01_midroll_ID36.MTS,2023-01-12T15:57:38.0,2023-01-12T16:05:06.0,451.424,20230112_mirror_dance01_midroll_ID36.MTS,447.595,475.267,,6.csv
7,8,ID38,00:02:52.842,,,460,outdoors,shift,hold,1,450cm_dance_run01_pre,20230112_mirror_dance01_dance_ID38.MTS,,8,40,.,20,,/home/yakir/mnt/dacke_lab_data/Data/Elin/Project_AllotheticVsIdiothetic_outdoors/./20230112_mirror_dance01_dance_ID38.MTS,2023-01-12T16:17:20.0,2023-01-12T16:20:08.0,172.842,"[""20230112_mirror_dance01_dance_ID38.MTS"", ""20230112_mirror_dance01_dance_ID38.MTS""]","[167.912, 179.951]","[172.842, 192.187]","Union{Missing, Tuple{Int64, Int64}}[missing, missing]",7.csv
8,10,ID44,00:05:18.969,,,460,outdoors,shift,hold,1,450cm_dance_run01_pre,20230113_mirror_dance01_dance_ID44.MTS,"start tracking from this time stamp, but use path in sand to track the path a bit before",10,40,.,20,,/home/yakir/mnt/dacke_lab_data/Data/Elin/Project_AllotheticVsIdiothetic_outdoors/./20230113_mirror_dance01_dance_ID44.MTS,2023-01-13T09:23:33.0,2023-01-13T09:28:51.0,318.969,"[""20230113_mirror_dance01_dance_ID44.MTS"", ""20230113_mirror_dance01_dance_ID44.MTS""]","[318.069, 325.539]","[318.969, 340.147]","Union{Missing, Tuple{Int64, Int64}}[missing, missing]",8.csv
9,12,ID49,,,,460,outdoors,shift,no,1,450cm_midroll_run01,20230113_mirror_dance01_midroll_ID49.MTS,,12,40,.,20,,/home/yakir/mnt/dacke_lab_data/Data/Elin/Project_AllotheticVsIdiothetic_outdoors/./20230113_mirror_dance01_midroll_ID49.MTS,2023-01-13T14:35:40.0,2023-01-13T14:37:55.0,140.0,20230113_mirror_dance01_midroll_ID49.MTS,135.257,159.52,,9.csv
10,13,ID51,00:02:29.716,,,460,outdoors,shift,hold,1,450cm_dance_run01_pre,20230113_mirror_dance01_dance_ID51.MTS,,13,40,.,20,,/home/yakir/mnt/dacke_lab_data/Data/Elin/Project_AllotheticVsIdiothetic_outdoors/./20230113_mirror_dance01_dance_ID51.MTS,2023-01-13T14:54:49.0,2023-01-13T14:57:11.0,149.716,"[""20230113_mirror_dance01_dance_ID51.MTS"", ""20230113_mirror_dance01_dance_ID51.MTS""]","[141.793, 162.405]","[149.716, 178.0]","Union{Missing, Tuple{Int64, Int64}}[missing, missing]",10.csv
11,15,ID55,,00:02:38.465,00:02:41.591,460,outdoors,shift,no,1,450cm_spontaneous_run01_pre,20230113_mirror_dance01_spontaneous_ID55.MTS,,15,40,.,20,,/home/yakir/mnt/dacke_lab_data/Data/Elin/Project_AllotheticVsIdiothetic_outdoors/./20230113_mirror_dance01_spontaneous_ID55.MTS,2023-01-13T15:32:14.0,2023-01-13T15:34:49.0,158.169,20230113_mirror_dance01_spontaneous_ID55.MTS,154.844,177.16,,11.csv
12,16,ID57,00:03:47.820,,,460,outdoors,shift,hold,1,450cm_dance_run01_pre,20230113_mirror_dance01_dance_ID57.MTS,,16,40,.,20,,/home/yakir/mnt/dacke_lab_data/Data/Elin/Project_AllotheticVsIdiothetic_outdoors/./20230113_mirror_dance01_dance_ID57.MTS,2023-01-13T15:48:56.0,2023-01-13T15:52:40.0,227.82,"[""20230113_mirror_dance01_dance_ID57.MTS"", ""20230113_mirror_dance01_dance_ID57.MTS""]","[224.131, 248.695]","[227.82, 262.0]","Union{Missing, Tuple{Int64, Int64}}[missing, missing]",12.csv
13,18,ID05,,"00:06:56.434,00:07:06.331","00:07:00.572,00:07:08",460,outdoors,shift,no,2,450cm_spontaneous_run02_pre,20230111_mirror_dance02_spontaneous_ID05.MTS,,18,40,.,20,,/home/yakir/mnt/dacke_lab_data/Data/Elin/Project_AllotheticVsIdiothetic_outdoors/./20230111_mirror_dance02_spontaneous_ID05.MTS,2023-01-11T09:17:14.0,2023-01-11T09:24:06.0,415.624,20230111_mirror_dance02_spontaneous_ID05.MTS,412.204,436.0,,13.csv
14,19,ID13,,,,460,outdoors,shift,no,2,450cm_midroll_run02,20230111_mirror_dance02_midroll_ID13.MTS,,19,40,.,20,,/home/yakir/mnt/dacke_lab_data/Data/Elin/Project_AllotheticVsIdiothetic_outdoors/./20230111_mirror_dance02_midroll_ID13.MTS,2023-01-11T15:48:44.0,2023-01-11T15:51:36.0,174.734,20230111_mirror_dance02_midroll_ID13.MTS,171.583,194.89,,14.csv
15,20,ID14,,00:04:59,00:05:00,460,outdoors,shift,no,2,450cm_spontaneous_run02_pre,20230111_mirror_dance02_spontaneous_ID14.MTS,,20,40,.,20,,/home/yakir/mnt/dacke_lab_data/Data/Elin/Project_AllotheticVsIdiothetic_outdoors/./20230111_mirror_dance02_spontaneous_ID14.MTS,2023-01-11T15:58:47.0,2023-01-11T16:03:43.0,298.275,20230111_mirror_dance02_spontaneous_ID14.MTS,295.756,319.0,,15.csv
16,21,ID25,00:04:33.7,,,460,outdoors,shift,hold,2,450cm_dance_run02_pre,20230112_mirror_dance02_dance_ID25.MTS,,21,40,.,20,,/home/yakir/mnt/dacke_lab_data/Data/Elin/Project_AllotheticVsIdiothetic_outdoors/./20230112_mirror_dance02_dance_ID25.MTS,2023-01-12T10:06:03.0,2023-01-12T10:10:32.0,273.7,"[""20230112_mirror_dance02_dance_ID25.MTS"", ""20230112_mirror_dance02_dance_ID25.MTS""]","[269.298, 277.845]","[273.7, 293.958]","Union{Missing, Tuple{Int64, Int64}}[missing, missing]",16.csv
17,23,ID27,,,,460,outdoors,shift,no,2,450cm_midroll_run02,20230112_mirror_dance02_midroll_ID27.MTS,,23,40,.,20,,/home/yakir/mnt/dacke_lab_data/Data/Elin/Project_AllotheticVsIdiothetic_outdoors/./20230112_mirror_dance02_midroll_ID27.MTS,2023-01-12T14:38:01.0,2023-01-12T14:41:16.0,198.485,20230112_mirror_dance02_midroll_ID27.MTS,194.706,227.013,,17.csv
18,24,ID35,00:02:25.12,,,460,outdoors,shift,hold,2,450cm_dance_run02_pre,20230112_mirror_dance02_dance_ID35.MTS,,24,40,.,20,,/home/yakir/mnt/dacke_lab_data/Data/Elin/Project_AllotheticVsIdiothetic_outdoors/./20230112_mirror_dance02_dance_ID35.MTS,2023-01-12T15:49:38.0,2023-01-12T15:51:58.0,145.12,"[""20230112_mirror_dance02_dance_ID35.MTS"", ""20230112_mirror_dance02_dance_ID35.MTS""]","[140.357, 148.816]","[145.12, 162.673]","Union{Missing, Tuple{Int64, Int64}}[missing, missing]",18.csv
19,26,ID40,,,,460,outdoors,shift,no,2,450cm_midroll_run02,20230113_mirror_dance02_midroll_ID40.MTS,,26,40,.,20,,/home/yakir/mnt/dacke_lab_data/Data/Elin/Project_AllotheticVsIdiothetic_outdoors/./20230113_mirror_dance02_midroll_ID40.MTS,2023-01-13T08:36:28.0,2023-01-13T08:40:27.0,244.114,20230113_mirror_dance02_midroll_ID40.MTS,238.806,269.398,,19.csv
20,27,ID41,00:03:57.177,,,460,outdoors,shift,hold,2,450cm_dance_run02_pre,20230113_mirror_dance02_dance_ID41.MTS,,27,40,.,20,,/home/yakir/mnt/dacke_lab_data/Data/Elin/Project_AllotheticVsIdiothetic_outdoors/./20230113_mirror_dance02_dance_ID41.MTS,2023-01-13T08:45:52.0,2023-01-13T08:49:45.0,237.177,"[""20230113_mirror_dance02_dance_ID41.MTS"", ""20230113_mirror_dance02_dance_ID41.MTS""]","[232.679, 240.0]","[237.177, 254.0]","Union{Missing, Tuple{Int64, Int64}}[missing, missing]",20.csv
21,29,ID47,00:02:29,,,460,outdoors,shift,hold,2,450cm_dance_run02_pre,20230113_mirror_dance02_dance_ID47.MTS,,29,40,.,20,,/home/yakir/mnt/dacke_lab_data/Data/Elin/Project_AllotheticVsIdiothetic_outdoors/./20230113_mirror_dance02_dance_ID47.MTS,2023-01-13T10:08:39.0,2023-01-13T10:11:03.0,149.0,"[""20230113_mirror_dance02_dance_ID47.MTS"", ""20230113_mirror_dance02_dance_ID47.MTS""]","[144.0, 156.376]","[149.0, 177.972]","Union{Missing, Tuple{Int64, Int64}}[missing, missing]",21.csv
22,31,ID54,,,,460,outdoors,shift,no,2,450cm_midroll_run02,20230113_mirror_dance02_midroll_ID54.MTS,,31,40,.,20,,/home/yakir/mnt/dacke_lab_data/Data/Elin/Project_AllotheticVsIdiothetic_outdoors/./20230113_mirror_dance02_midroll_ID54.MTS,2023-01-13T15:23:24.0,2023-01-13T15:26:28.0,190.392,20230113_mirror_dance02_midroll_ID54.MTS,184.453,207.3,,22.csv
23,32,ID59,,"00:02:09.104,00:02:13.515","00:02:10.7,00:02:15.6",460,outdoors,shift,no,2,450cm_spontaneous_run02_pre,20230113_mirror_dance02_spontaneous_ID59.MTS,,32,40,.,20,,/home/yakir/mnt/dacke_lab_data/Data/Elin/Project_AllotheticVsIdiothetic_outdoors/./20230113_mirror_dance02_spontaneous_ID59.MTS,2023-01-13T16:07:26.0,2023-01-13T16:09:30.0,127.396,20230113_mirror_dance02_spontaneous_ID59.MTS,124.0,145.8,,23.csv
24,33,ID60,00:01:58,,,460,outdoors,shift,hold,2,450cm_dance_run02_pre,20230113_mirror_dance02_dance_ID60.MTS,,33,40,.,20,,/home/yakir/mnt/dacke_lab_data/Data/Elin/Project_AllotheticVsIdiothetic_outdoors/./20230113_mirror_dance02_dance_ID60.MTS,2023-01-13T16:13:05.0,2023-01-13T16:14:58.0,118.0,"[""20230113_mirror_dance02_dance_ID60.MTS"", ""20230113_mirror_dance02_dance_ID60.MTS""]","[113.0, 123.5]","[118.0, 136.9]","Union{Missing, Tuple{Int64, Int64}}[missing, missing]",24.csv
25,35,ID02,,,,460,outdoors,shift,no,10,450cm_midroll_run10,20230111_mirror_dance10_midroll_ID02.MTS,,35,40,.,20,,/home/yakir/mnt/dacke_lab_data/Data/Elin/Project_AllotheticVsIdiothetic_outdoors/./20230111_mirror_dance10_midroll_ID02.MTS,2023-01-11T08:40:20.0,2023-01-11T08:46:42.0,386.0,20230111_mirror_dance10_midroll_ID02.MTS,382.4,415.9,,25.csv
26,36,ID04,00:01:31.226,,,460,outdoors,shift,hold,10,450cm_dance_run10_pre,20230111_mirror_dance10_ID04_dance_part2.MTS,,36,40,.,20,,/home/yakir/mnt/dacke_lab_data/Data/Elin/Project_AllotheticVsIdiothetic_outdoors/./20230111_mirror_dance10_ID04_dance_part2.MTS,2023-01-11T09:13:01.0,2023-01-11T09:14:28.0,91.226,"[""20230111_mirror_dance10_ID04_dance_part2.MTS"", ""20230111_mirror_dance10_ID04_dance_part2.MTS""]","[86.8, 97.0]","[91.226, 110.0]","Union{Missing, Tuple{Int64, Int64}}[missing, missing]",26.csv
27,38,ID08,,00:05:18.619,00:05:20.3,460,outdoors,shift,no,10,450cm_spontaneous_run10_pre,20230111_mirror_dance10_spontaneous_ID08.MTS,,38,40,.,20,,/home/yakir/mnt/dacke_lab_data/Data/Elin/Project_AllotheticVsIdiothetic_outdoors/./20230111_mirror_dance10_spontaneous_ID08.MTS,2023-01-11T14:39:31.0,2023-01-11T14:44:41.0,317.089,20230111_mirror_dance10_spontaneous_ID08.MTS,310.25,336.0,,27.csv
28,39,ID10,00:03:17,,,460,outdoors,shift,hold,10,450cm_dance_run10_pre,20230111_mirror_dance10_dance_ID10.MTS,,39,40,.,20,,/home/yakir/mnt/dacke_lab_data/Data/Elin/Project_AllotheticVsIdiothetic_outdoors/./20230111_mirror_dance10_dance_ID10.MTS,2023-01-11T15:05:11.0,2023-01-11T15:08:22.0,197.0,"[""20230111_mirror_dance10_dance_ID10.MTS"", ""20230111_mirror_dance10_dance_ID10.MTS""]","[191.0, 207.0]","[197.0, 223.0]","Union{Missing, Tuple{Int64, Int64}}[missing, missing]",28.csv
29,41,ID16,,,,460,outdoors,shift,no,10,450cm_midroll_run10,20230112_mirror_dance10_midroll_ID16.MTS,,41,40,.,20,,/home/yakir/mnt/dacke_lab_data/Data/Elin/Project_AllotheticVsIdiothetic_outdoors/./20230112_mirror_dance10_midroll_ID16.MTS,2023-01-12T08:18:56.0,2023-01-12T08:24:05.0,312.0,20230112_mirror_dance10_midroll_ID16.MTS,309.0,332.0,,29.csv
30,42,ID18,00:02:54.201,,,460,outdoors,shift,hold,10,450cm_dance_run10_pre,20230112_mirror_dance10_dance_ID18_measure.MTS,,42,40,.,20,,/home/yakir/mnt/dacke_lab_data/Data/Elin/Project_AllotheticVsIdiothetic_outdoors/./20230112_mirror_dance10_dance_ID18.MTS,2023-01-12T08:41:00.0,2023-01-12T08:43:50.0,174.201,"[""20230112_mirror_dance10_dance_ID18.MTS"", ""20230112_mirror_dance10_dance_ID18.MTS""]","[170.0, 180.0]","[174.201, 194.348]","Union{Missing, Tuple{Int64, Int64}}[missing, missing]",30.csv
31,44,ID20,,,,460,outdoors,shift,no,10,450cm_midroll_run10,20230112_mirror_dance10_midroll_ID20.MTS,,44,40,.,20,,/home/yakir/mnt/dacke_lab_data/Data/Elin/Project_AllotheticVsIdiothetic_outdoors/./20230112_mirror_dance10_midroll_ID20.MTS,2023-01-12T09:03:42.0,2023-01-12T09:12:42.0,545.468,20230112_mirror_dance10_midroll_ID20.MTS,540.069,571.742,,31.csv
32,45,ID22,00:04:21.2,,,460,outdoors,shift,hold,10,450cm_dance_run10_pre,20230112_mirror_dance10_dance_ID22.MTS,,45,40,.,20,,/home/yakir/mnt/dacke_lab_data/Data/Elin/Project_AllotheticVsIdiothetic_outdoors/./20230112_mirror_dance10_dance_ID22.MTS,2023-01-12T09:30:29.0,2023-01-12T09:34:44.0,261.2,"[""20230112_mirror_dance10_dance_ID22.MTS"", ""20230112_mirror_dance10_dance_ID22.MTS""]","[255.0, 267.0]","[261.2, 278.033]","Union{Missing, Tuple{Int64, Int64}}[missing, missing]",32.csv
34,48,ID33,00:05:35.254,,,460,outdoors,shift,hold,10,450cm_dance_run10_pre,20230112_mirror_dance10_dance_ID33.MTS,,48,40,.,20,,/home/yakir/mnt/dacke_lab_data/Data/Elin/Project_AllotheticVsIdiothetic_outdoors/./20230112_mirror_dance10_dance_ID33.MTS,2023-01-12T15:29:15.0,2023-01-12T15:34:46.0,335.254,"[""20230112_mirror_dance10_dance_ID33.MTS"", ""20230112_mirror_dance10_dance_ID33.MTS""]","[330.758, 341.555]","[335.254, 361.443]","Union{Missing, Tuple{Int64, Int64}}[missing, missing]",34.csv
35,50,ID37,,,,460,outdoors,shift,no,10,450cm_midroll_run10,20230112_mirror_dance10_midroll_ID37.MTS,,50,40,.,20,,/home/yakir/mnt/dacke_lab_data/Data/Elin/Project_AllotheticVsIdiothetic_outdoors/./20230112_mirror_dance10_midroll_ID37.MTS,2023-01-12T16:08:14.0,2023-01-12T16:12:14.0,243.396,20230112_mirror_dance10_midroll_ID37.MTS,240.0,254.465,,35.csv
36,51,ID39,00:07:50.539,,,460,outdoors,shift,hold,10,450cm_dance_run10_pre,20230113_mirror_dance10_dance_ID39.MTS,,51,40,.,20,,/home/yakir/mnt/dacke_lab_data/Data/Elin/Project_AllotheticVsIdiothetic_outdoors/./20230113_mirror_dance10_dance_ID39.MTS,2023-01-13T08:22:45.0,2023-01-13T08:30:30.0,470.539,"[""20230113_mirror_dance10_dance_ID39.MTS"", ""20230113_mirror_dance10_dance_ID39.MTS""]","[465.499, 476.206]","[470.539, 485.655]","Union{Missing, Tuple{Int64, Int64}}[missing, missing]",36.csv
37,53,ID43,,00:08:30.730,00:08:32.5,460,outdoors,shift,no,10,450cm_spontaneous_run10_pre,20230113_mirror_dance10_spontaneous_ID43.MTS,,53,40,.,20,,/home/yakir/mnt/dacke_lab_data/Data/Elin/Project_AllotheticVsIdiothetic_outdoors/./20230113_mirror_dance10_spontaneous_ID43.MTS,2023-01-13T09:05:55.0,2023-01-13T09:14:17.0,508.93,20230113_mirror_dance10_spontaneous_ID43.MTS,501.549,533.402,,37.csv
38,54,ID45,00:04:50.447,,,460,outdoors,shift,hold,10,450cm_dance_run10_pre,20230113_mirror_dance10_dance_ID45.MTS,,54,40,.,20,,/home/yakir/mnt/dacke_lab_data/Data/Elin/Project_AllotheticVsIdiothetic_outdoors/./20230113_mirror_dance10_dance_ID45.MTS,2023-01-13T09:39:08.0,2023-01-13T09:43:54.0,290.447,"[""20230113_mirror_dance10_dance_ID45.MTS"", ""20230113_mirror_dance10_dance_ID45.MTS""]","[286.0, 301.0]","[290.447, 312.761]","Union{Missing, Tuple{Int64, Int64}}[missing, missing]",38.csv
39,56,ID50,,"00:04:55.759,00:05:14.295","00:05:03.4,00:05:18",460,outdoors,shift,no,10,450cm_spontaneous_run10_pre,20230113_mirror_dance10_spontaneous_ID50.MTS,,56,40,.,20,,/home/yakir/mnt/dacke_lab_data/Data/Elin/Project_AllotheticVsIdiothetic_outdoors/./20230113_mirror_dance10_spontaneous_ID50.MTS,2023-01-13T14:42:48.0,2023-01-13T14:47:39.0,293.96,20230113_mirror_dance10_spontaneous_ID50.MTS,290.81,327.8,,39.csv
40,57,ID52,00:02:58.866,,,460,outdoors,shift,hold,10,450cm_dance_run10_pre,20230113_mirror_dance10_dance_ID52.MTS,,57,40,.,20,,/home/yakir/mnt/dacke_lab_data/Data/Elin/Project_AllotheticVsIdiothetic_outdoors/./20230113_mirror_dance10_dance_ID52.MTS,2023-01-13T15:01:59.0,2023-01-13T15:04:54.0,178.866,"[""20230113_mirror_dance10_dance_ID52.MTS"", ""20230113_mirror_dance10_dance_ID52.MTS""]","[174.638, 182.376]","[178.866, 205.771]","Union{Missing, Tuple{Int64, Int64}}[missing, missing]",40.csv
41,59,ID56,,,,460,outdoors,shift,no,10,450cm_midroll_run10,20230113_mirror_dance10_midroll_ID56.MTS,,59,40,.,20,,/home/yakir/mnt/dacke_lab_data/Data/Elin/Project_AllotheticVsIdiothetic_outdoors/./20230113_mirror_dance10_midroll_ID56.MTS,2023-01-13T15:39:41.0,2023-01-13T15:43:45.0,248.161,20230113_mirror_dance10_midroll_ID56.MTS,243.752,269.357,,41.csv
42,60,ID58,00:03:56.818,,,460,outdoors,shift,hold,10,450cm_dance_run10_pre,20230113_mirror_dance10_dance_ID58.MTS,,60,40,.,20,,/home/yakir/mnt/dacke_lab_data/Data/Elin/Project_AllotheticVsIdiothetic_outdoors/./20230113_mirror_dance10_dance_ID58.MTS,2023-01-13T15:58:53.0,2023-01-13T16:02:46.0,236.818,"[""20230113_mirror_dance10_dance_ID58.MTS"", ""20230113_mirror_dance10_dance_ID58.MTS""]","[232.769, 247.709]","[236.818, 265.164]","Union{Missing, Tuple{Int64, Int64}}[missing, missing]",42.csv
43,62,ID61,,,,460,outdoors,shift,no,2,450cm_midroll_run02,20230114_mirror_dance02_midroll_ID61.MTS,,62,40,.,20,,/home/yakir/mnt/dacke_lab_data/Data/Elin/Project_AllotheticVsIdiothetic_outdoors/./20230114_mirror_dance02_midroll_ID61.MTS,2023-01-14T08:26:07.0,2023-01-14T08:28:44.0,160.911,20230114_mirror_dance02_midroll_ID61.MTS,157.0,184.131,,43.csv
44,63,ID62,00:02:35.655,,,460,outdoors,shift,hold,2,450cm_dance_run02_pre,20230114_mirror_dance02_dance_ID62.MTS,,63,40,.,20,,/home/yakir/mnt/dacke_lab_data/Data/Elin/Project_AllotheticVsIdiothetic_outdoors/./20230114_mirror_dance02_dance_ID62.MTS,2023-01-14T08:33:32.0,2023-01-14T08:36:03.0,155.655,"[""20230114_mirror_dance02_dance_ID62.MTS"", ""20230114_mirror_dance02_dance_ID62.MTS""]","[151.0, 161.0]","[155.655, 176.642]","Union{Missing, Tuple{Int64, Int64}}[missing, missing]",44.csv
45,65,ID63,,,,460,outdoors,shift,no,2,450cm_midroll_run02,20230114_mirror_dance02_midroll_ID63.MTS,,65,40,.,20,,/home/yakir/mnt/dacke_lab_data/Data/Elin/Project_AllotheticVsIdiothetic_outdoors/./20230114_mirror_dance02_midroll_ID63.MTS,2023-01-14T08:40:05.0,2023-01-14T08:42:12.0,131.715,20230114_mirror_dance02_midroll_ID63.MTS,127.0,148.0,,45.csv
46,66,ID64,00:06:37.382,,,460,outdoors,shift,hold,2,450cm_dance_run02_pre,20230114_mirror_dance02_dance_ID64.MTS,,66,40,.,20,,/home/yakir/mnt/dacke_lab_data/Data/Elin/Project_AllotheticVsIdiothetic_outdoors/./20230114_mirror_dance02_dance_ID64.MTS,2023-01-14T08:47:56.0,2023-01-14T08:54:28.0,397.382,"[""20230114_mirror_dance02_dance_ID64.MTS"", ""20230114_mirror_dance02_dance_ID64.MTS""]","[392.222, 402.0]","[397.382, 418.0]","Union{Missing, Tuple{Int64, Int64}}[missing, missing]",46.csv
48,69,ID66,00:01:52.192,,,460,outdoors,shift,hold,2,450cm_dance_run02_pre,20230114_mirror_dance02_dance_ID66.MTS,,69,40,.,20,,/home/yakir/mnt/dacke_lab_data/Data/Elin/Project_AllotheticVsIdiothetic_outdoors/./20230114_mirror_dance02_dance_ID66.MTS,2023-01-14T09:07:48.0,2023-01-14T09:09:36.0,112.192,"[""20230114_mirror_dance02_dance_ID66.MTS"", ""20230114_mirror_dance02_dance_ID66.MTS""]","[108.0, 115.52]","[112.192, 131.857]","Union{Missing, Tuple{Int64, Int64}}[missing, missing]",48.csv
49,71,ID67,,,,460,outdoors,shift,no,2,450cm_midroll_run02,20230114_mirror_dance02_midroll_ID67.MTS,,71,40,.,20,,/home/yakir/mnt/dacke_lab_data/Data/Elin/Project_AllotheticVsIdiothetic_outdoors/./20230114_mirror_dance02_midroll_ID67.MTS,2023-01-14T09:14:16.0,2023-01-14T09:16:14.0,121.283,20230114_mirror_dance02_midroll_ID67.MTS,117.863,133.519,,49.csv
50,72,ID68,00:02:25.391,,,460,outdoors,shift,hold,2,450cm_dance_run02_pre,20230114_mirror_dance02_dance_ID68.MTS,,72,40,.,20,,/home/yakir/mnt/dacke_lab_data/Data/Elin/Project_AllotheticVsIdiothetic_outdoors/./20230114_mirror_dance02_dance_ID68.MTS,2023-01-14T09:21:33.0,2023-01-14T09:23:54.0,145.391,"[""20230114_mirror_dance02_dance_ID68.MTS"", ""20230114_mirror_dance02_dance_ID68.MTS""]","[141.0, 153.939]","[145.391, 166.18]","Union{Missing, Tuple{Int64, Int64}}[missing, missing]",50.csv
51,74,ID69,,,,460,outdoors,shift,no,2,450cm_midroll_run02,20230114_mirror_dance02_midroll_ID69.MTS,,74,40,.,20,,/home/yakir/mnt/dacke_lab_data/Data/Elin/Project_AllotheticVsIdiothetic_outdoors/./20230114_mirror_dance02_midroll_ID69.MTS,2023-01-14T09:28:49.0,2023-01-14T09:31:23.0,159.698,20230114_mirror_dance02_midroll_ID69.MTS,154.482,165.369,,51.csv
52,75,ID70,00:02:37.453,,,460,outdoors,shift,hold,2,450cm_dance_run02_pre,20230114_mirror_dance02_dance_ID70.MTS,,75,40,.,20,,/home/yakir/mnt/dacke_lab_data/Data/Elin/Project_AllotheticVsIdiothetic_outdoors/./20230114_mirror_dance02_dance_ID70.MTS,2023-01-14T09:36:31.0,2023-01-14T09:39:04.0,157.453,"[""20230114_mirror_dance02_dance_ID70.MTS"", ""20230114_mirror_dance02_dance_ID70.MTS""]","[153.124, 161.773]","[157.453, 174.0]","Union{Missing, Tuple{Int64, Int64}}[missing, missing]",52.csv
53,77,ID71,,,,460,outdoors,shift,no,2,450cm_midroll_run02,20230114_mirror_dance02_midroll_ID71.MTS,,77,40,.,20,,/home/yakir/mnt/dacke_lab_data/Data/Elin/Project_AllotheticVsIdiothetic_outdoors/./20230114_mirror_dance02_midroll_ID71.MTS,2023-01-14T09:42:32.0,2023-01-14T09:51:04.0,516.0,20230114_mirror_dance02_midroll_ID71.MTS,511.986,527.463,,53.csv
55,80,ID73,,,,460,outdoors,shift,no,2,450cm_midroll_run02,20230114_mirror_dance02_midroll_ID73.MTS,,80,40,.,20,,/home/yakir/mnt/dacke_lab_data/Data/Elin/Project_AllotheticVsIdiothetic_outdoors/./20230114_mirror_dance02_midroll_ID73.MTS,2023-01-14T10:02:22.0,2023-01-14T10:05:09.0,171.31,20230114_mirror_dance02_midroll_ID73.MTS,166.811,179.8,,55.csv
57,83,ID76,00:03:22.989,,,460,outdoors,shift,hold,2,450cm_dance_run02_pre,20230114_mirror_dance02_dance_ID76.MTS,,83,40,.,20,,/home/yakir/mnt/dacke_lab_data/Data/Elin/Project_AllotheticVsIdiothetic_outdoors/./20230114_mirror_dance02_dance_ID76.MTS,2023-01-14T14:37:57.0,2023-01-14T14:41:15.0,202.989,"[""20230114_mirror_dance02_dance_ID76.MTS"", ""20230114_mirror_dance02_dance_ID76.MTS""]","[198.22, 222.0]","[202.989, 235.0]","Union{Missing, Tuple{Int64, Int64}}[missing, missing]",57.csv
58,85,ID77,,00:04:52.615,00:04:56.3,460,outdoors,shift,no,2,450cm_spontaneous_run02,20230114_mirror_dance02_spontaneous_ID77.MTS,,85,40,.,20,,/home/yakir/mnt/dacke_lab_data/Data/Elin/Project_AllotheticVsIdiothetic_outdoors/./20230114_mirror_dance02_spontaneous_ID77.MTS,2023-01-14T14:47:00.0,2023-01-14T14:51:45.0,291.356,20230114_mirror_dance02_spontaneous_ID77.MTS,284.516,318.8,,58.csv
59,86,ID81,,,,460,outdoors,shift,no,2,450cm_midroll_run02,20230114_mirror_dance02_midroll_ID81.MTS,,86,40,.,20,,/home/yakir/mnt/dacke_lab_data/Data/Elin/Project_AllotheticVsIdiothetic_outdoors/./20230114_mirror_dance02_midroll_ID81.MTS,2023-01-14T15:47:28.0,2023-01-14T15:51:21.0,239.155,20230114_mirror_dance02_midroll_ID81.MTS,233.127,254.543,,59.csv
60,87,ID84,,,,460,outdoors,shift,no,1,450cm_midroll_run01,20230116_mirror_dance01_ID84_and_dance10_ID85.MTS,,87,40,.,20,,/home/yakir/mnt/dacke_lab_data/Data/Elin/Project_AllotheticVsIdiothetic_outdoors/./20230116_mirror_dance01_ID84_and_dance10_ID85.MTS,2023-01-16T08:28:40.0,2023-01-16T08:32:02.0,205.863,20230116_mirror_dance01_ID84_and_dance10_ID85.MTS,202.0,226.306,,60.csv
61,88,ID85,00:09:18.597,,,460,outdoors,shift,hold,10,450cm_dance_run10_pre,20230116_dance10_ID85_measure.MTS,,88,40,.,20,,/home/yakir/mnt/dacke_lab_data/Data/Elin/Project_AllotheticVsIdiothetic_outdoors/./20230116_mirror_dance01_ID84_and_dance10_ID85.MTS,2023-01-16T08:28:40.0,2023-01-16T08:37:53.0,558.597,"[""20230116_mirror_dance01_ID84_and_dance10_ID85.MTS"", ""20230116_mirror_dance01_ID84_and_dance10_ID85.MTS""]","[553.0, 563.634]","[558.597, 588.159]","Union{Missing, Tuple{Int64, Int64}}[missing, missing]",61.csv
62,90,ID87,00:10:34.472,,,460,outdoors,shift,no,10,450cm_midroll_run10,20230116_mirror_dance10_midroll_ID87_part2.MTS,,90,40,.,20,,/home/yakir/mnt/dacke_lab_data/Data/Elin/Project_AllotheticVsIdiothetic_outdoors/./20230116_mirror_dance10_midroll_ID87_part1.MTS,2023-01-16T08:58:46.0,2023-01-16T09:09:06.0,626.174,"[""20230116_mirror_dance10_midroll_ID87_part1.MTS"", ""20230116_mirror_dance10_midroll_ID87_part2.MTS""]","[620.416, 0.0]","[634.472, 7.0]","Union{Missing, Tuple{Int64, Int64}}[missing, missing]",62.csv
63,92,ID131,00:01:51.648,,,460,outdoors,shift,hold,1,450cm_dance_run01_pre,20230118_mirror_dance01_dance_ID131.MTS,,92,40,.,20,,/home/yakir/mnt/dacke_lab_data/Data/Elin/Project_AllotheticVsIdiothetic_outdoors/./20230118_mirror_dance01_dance_ID131.MTS,2023-01-18T14:32:40.0,2023-01-18T14:34:29.0,111.648,"[""20230118_mirror_dance01_dance_ID131.MTS"", ""20230118_mirror_dance01_dance_ID131.MTS""]","[109.128, 120.0]","[111.648, 131.0]","Union{Missing, Tuple{Int64, Int64}}[missing, missing]",63.csv
64,94,ID132,00:02:33.438,,,460,outdoors,shift,hold,10,450cm_dance_run10_pre,20230118_mirror_dance10_dance_ID132.MTS,,94,40,.,20,,/home/yakir/mnt/dacke_lab_data/Data/Elin/Project_AllotheticVsIdiothetic_outdoors/./20230118_mirror_dance10_dance_ID132.MTS,2023-01-18T14:49:14.0,2023-01-18T14:51:44.0,153.438,"[""20230118_mirror_dance10_dance_ID132.MTS"", ""20230118_mirror_dance10_dance_ID132.MTS""]","[149.714, 162.672]","[153.438, 174.0]","Union{Missing, Tuple{Int64, Int64}}[missing, missing]",64.csv
65,96,ID133,00:06:56.425,,,460,outdoors,shift,hold,10,450cm_dance_run10_pre,20230118_mirror_dance10_dance_ID133.MTS,,96,40,.,20,,/home/yakir/mnt/dacke_lab_data/Data/Elin/Project_AllotheticVsIdiothetic_outdoors/./20230118_mirror_dance10_dance_ID133.MTS,2023-01-18T14:56:41.0,2023-01-18T15:03:34.0,416.425,"[""20230118_mirror_dance10_dance_ID133.MTS"", ""20230118_mirror_dance10_dance_ID133.MTS""]","[412.913, 421.642]","[416.425, 430.0]","Union{Missing, Tuple{Int64, Int64}}[missing, missing]",65.csv
66,98,ID134,00:02:09.560,,,460,outdoors,shift,hold,1,450cm_dance_run01_pre,20230118_mirror_dance01_dance_ID134.MTS,,98,40,.,20,,/home/yakir/mnt/dacke_lab_data/Data/Elin/Project_AllotheticVsIdiothetic_outdoors/./20230118_mirror_dance01_dance_ID134.MTS,2023-01-18T15:10:14.0,2023-01-18T15:12:21.0,129.56,"[""20230118_mirror_dance01_dance_ID134.MTS"", ""20230118_mirror_dance01_dance_ID134.MTS""]","[126.502, 132.438]","[129.56, 143.957]","Union{Missing, Tuple{Int64, Int64}}[missing, missing]",66.csv
67,100,ID135,00:04:12.565,,,460,outdoors,shift,hold,10,450cm_dance_run10_pre,20230118_mirror_dance10_dance_ID135.MTS,,100,40,.,20,,/home/yakir/mnt/dacke_lab_data/Data/Elin/Project_AllotheticVsIdiothetic_outdoors/./20230118_mirror_dance10_dance_ID135.MTS,2023-01-18T15:17:19.0,2023-01-18T15:21:27.0,252.565,"[""20230118_mirror_dance10_dance_ID135.MTS"", ""20230118_mirror_dance10_dance_ID135.MTS""]","[248.425, 263.9]","[252.565, 280.0]","Union{Missing, Tuple{Int64, Int64}}[missing, missing]",67.csv
68,102,ID136,00:01:45.622,,,460,outdoors,shift,hold,1,450cm_dance_run01_pre,20230118_mirror_dance01_dance_ID136.MTS,,102,40,.,20,,/home/yakir/mnt/dacke_lab_data/Data/Elin/Project_AllotheticVsIdiothetic_outdoors/./20230118_mirror_dance01_dance_ID136.MTS,2023-01-18T15:26:00.0,2023-01-18T15:27:43.0,105.622,"[""20230118_mirror_dance01_dance_ID136.MTS"", ""20230118_mirror_dance01_dance_ID136.MTS""]","[103.0, 110.662]","[105.622, 127.577]","Union{Missing, Tuple{Int64, Int64}}[missing, missing]",68.csv
69,104,ID137,00:03:46.569,,,460,outdoors,shift,hold,10,450cm_dance_run10_pre,20230118_mirror_dance10_dance_ID137.MTS,,104,40,.,20,,/home/yakir/mnt/dacke_lab_data/Data/Elin/Project_AllotheticVsIdiothetic_outdoors/./20230118_mirror_dance10_dance_ID137.MTS,2023-01-18T15:30:56.0,2023-01-18T15:34:40.0,226.569,"[""20230118_mirror_dance10_dance_ID137.MTS"", ""20230118_mirror_dance10_dance_ID137.MTS""]","[223.692, 235.48]","[226.569, 246.0]","Union{Missing, Tuple{Int64, Int64}}[missing, missing]",69.csv
70,106,ID138,00:03:47,,,460,outdoors,shift,hold,1,450cm_dance_run01_pre,20230118_mirror_dance01_dance_ID138.MTS,,106,40,.,20,,/home/yakir/mnt/dacke_lab_data/Data/Elin/Project_AllotheticVsIdiothetic_outdoors/./20230118_mirror_dance01_dance_ID138.MTS,2023-01-18T15:39:02.0,2023-01-18T15:42:46.0,227.0,"[""20230118_mirror_dance01_dance_ID138.MTS"", ""20230118_mirror_dance01_dance_ID138.MTS""]","[224.0, 238.0]","[227.0, 245.6]","Union{Missing, Tuple{Int64, Int64}}[missing, missing]",70.csv
71,108,ID139,00:02:54.736,,,460,outdoors,shift,hold,10,450cm_dance_run10_pre,20230118_mirror_dance10_dance_ID139.MTS,,108,40,.,20,,/home/yakir/mnt/dacke_lab_data/Data/Elin/Project_AllotheticVsIdiothetic_outdoors/./20230118_mirror_dance10_dance_ID139.MTS,2023-01-18T15:46:42.0,2023-01-18T15:49:33.0,174.736,"[""20230118_mirror_dance10_dance_ID139.MTS"", ""20230118_mirror_dance10_dance_ID139.MTS""]","[171.3, 183.196]","[174.736, 193.0]","Union{Missing, Tuple{Int64, Int64}}[missing, missing]",71.csv
72,110,ID140,00:02:37.452,,,460,outdoors,shift,hold,10,450cm_dance_run10_pre,20230118_mirror_dance10_dance_ID140.MTS,,110,40,.,20,,/home/yakir/mnt/dacke_lab_data/Data/Elin/Project_AllotheticVsIdiothetic_outdoors/./20230118_mirror_dance10_dance_ID140.MTS,2023-01-18T15:54:00.0,2023-01-18T15:56:34.0,157.452,"[""20230118_mirror_dance10_dance_ID140.MTS"", ""20230118_mirror_dance10_dance_ID140.MTS""]","[154.0, 161.234]","[157.452, 181.0]","Union{Missing, Tuple{Int64, Int64}}[missing, missing]",72.csv
73,112,B01,,,,460,outdoors,shift,no,10,450cm_midroll_run10,20231115_10_dances_01_midroll_B01.MTS,,112,40,.,20,,/home/yakir/mnt/dacke_lab_data/Data/Elin/Project_AllotheticVsIdiothetic_outdoors/./20231115_10_dances_01_midroll_B01.MTS,2023-11-15T08:22:30.0,2023-11-15T08:27:04.0,276.531,20231115_10_dances_01_midroll_B01.MTS,273.835,356.0,,73.csv
75,114,B09,,,,460,outdoors,shift,no,10,450cm_midroll_run10,20231115_10_dances_05_midroll_B09.MTS,,114,40,.,20,,/home/yakir/mnt/dacke_lab_data/Data/Elin/Project_AllotheticVsIdiothetic_outdoors/./20231115_10_dances_05_midroll_B09.MTS,2023-11-15T14:01:47.0,2023-11-15T14:03:56.0,131.234,20231115_10_dances_05_midroll_B09.MTS,128.714,138.437,,75.csv
76,115,B12,,"00:02:23.303,00:02:29.425","00:02:27,00:02:30.773",460,outdoors,shift,no,10,450cm_spontaneous_run10,20231115_10_dances_06_spontaneous_B12.MTS,,115,40,.,20,,/home/yakir/mnt/dacke_lab_data/Data/Elin/Project_AllotheticVsIdiothetic_outdoors/./20231115_10_dances_06_spontaneous_B12.MTS,2023-11-15T14:32:59.0,2023-11-15T14:35:18.0,140.96,20231115_10_dances_06_spontaneous_B12.MTS,138.534,159.238,,76.csv
77,116,B15,,,,460,outdoors,shift,no,10,450cm_midroll_run10,20231115_10_dances_07_midroll_B15.MTS,,116,40,.,20,,/home/yakir/mnt/dacke_lab_data/Data/Elin/Project_AllotheticVsIdiothetic_outdoors/./20231115_10_dances_07_midroll_B15.MTS,2023-11-15T15:02:33.0,2023-11-15T15:04:37.0,126.731,20231115_10_dances_07_midroll_B15.MTS,124.122,133.7,,77.csv
79,118,B02,,00:02:53.096,00:02:58,460,outdoors,shift,no,1,450cm_spontaneous_run01,20231115_01_dances_01_spontaneous_B02.MTS,,118,40,.,20,,/home/yakir/mnt/dacke_lab_data/Data/Elin/Project_AllotheticVsIdiothetic_outdoors/./20231115_01_dances_01_spontaneous_B02.MTS,2023-11-15T08:39:55.0,2023-11-15T08:42:41.0,167.962,20231115_01_dances_01_spontaneous_B02.MTS,166.0,196.0,,79.csv
81,120,B06,,,,460,outdoors,shift,no,1,450cm_midroll_run01,20231115_01_dances_03_midroll_B06.MTS,,120,40,.,20,,/home/yakir/mnt/dacke_lab_data/Data/Elin/Project_AllotheticVsIdiothetic_outdoors/./20231115_01_dances_03_midroll_B06.MTS,2023-11-15T09:19:56.0,2023-11-15T09:24:56.0,303.645,20231115_01_dances_03_midroll_B06.MTS,299.664,316.137,,81.csv
82,121,B08,,00:02:54.629,00:03:04,460,outdoors,shift,no,1,450cm_spontaneous_run01,20231115_01_dances_04_spontaneous_B08.MTS,,121,40,.,20,,/home/yakir/mnt/dacke_lab_data/Data/Elin/Project_AllotheticVsIdiothetic_outdoors/./20231115_01_dances_04_spontaneous_B08.MTS,2023-11-15T09:41:54.0,2023-11-15T09:44:39.0,167.698,20231115_01_dances_04_spontaneous_B08.MTS,164.635,199.563,,82.csv
83,122,B10,,00:01:21,00:01:23,460,outdoors,shift,no,1,450cm_spontaneous_run01,20231115_01_dances_05_spontaneous_B10.MTS,,122,40,.,20,,/home/yakir/mnt/dacke_lab_data/Data/Elin/Project_AllotheticVsIdiothetic_outdoors/./20231115_01_dances_05_spontaneous_B10.MTS,2023-11-15T14:13:20.0,2023-11-15T14:14:36.0,80.375,20231115_01_dances_05_spontaneous_B10.MTS,75.725,90.5,,83.csv
84,123,B13,,"00:02:22.570,00:02:40","00:02:30.85,00:02:43.819",460,outdoors,shift,no,1,450cm_spontaneous_run01,20231115_01_dances_06_spontaneous_B13.MTS,,123,40,.,20,,/home/yakir/mnt/dacke_lab_data/Data/Elin/Project_AllotheticVsIdiothetic_outdoors/./20231115_01_dances_06_spontaneous_B13.MTS,2023-11-15T14:42:03.0,2023-11-15T14:44:20.0,141.578,20231115_01_dances_06_spontaneous_B13.MTS,137.169,171.0,,84.csv
85,124,B16,,00:01:43,00:02:01.2,460,outdoors,shift,no,1,450cm_spontaneous_run01,20231115_01_dances_07_spontaneous_B16.MTS,,124,40,.,20,,/home/yakir/mnt/dacke_lab_data/Data/Elin/Project_AllotheticVsIdiothetic_outdoors/./20231115_01_dances_07_spontaneous_B16.MTS,2023-11-15T15:11:35.0,2023-11-15T15:13:09.0,98.918,20231115_01_dances_07_spontaneous_B16.MTS,94.054,129.794,,85.csv
86,125,B18,,,,460,outdoors,shift,no,1,450cm_midroll_run01,20231116_01_dances_08_midroll_B18.MTS,,125,40,.,20,,/home/yakir/mnt/dacke_lab_data/Data/Elin/Project_AllotheticVsIdiothetic_outdoors/./20231116_01_dances_08_midroll_B18.MTS,2023-11-16T08:14:55.0,2023-11-16T08:16:38.0,106.215,20231116_01_dances_08_midroll_B18.MTS,102.876,115.126,,86.csv
88,127,B11,,00:03:04,00:03:17.494,460,outdoors,shift,no,2,450cm_spontaneous_run02,20231115_02_dances_01_midroll_B11.MTS,,127,40,.,20,,/home/yakir/mnt/dacke_lab_data/Data/Elin/Project_AllotheticVsIdiothetic_outdoors/./20231115_02_dances_01_midroll_B11.MTS,2023-11-15T14:20:34.0,2023-11-15T14:23:29.0,178.489,20231115_02_dances_01_midroll_B11.MTS,175.339,209.0,,88.csv
89,128,B14,,,,460,outdoors,shift,no,2,450cm_midroll_run02,20231115_02_dances_02_midroll_B14.MTS,,128,40,.,20,,/home/yakir/mnt/dacke_lab_data/Data/Elin/Project_AllotheticVsIdiothetic_outdoors/./20231115_02_dances_02_midroll_B14.MTS,2023-11-15T14:53:33.0,2023-11-15T14:55:58.0,149.147,20231115_02_dances_02_midroll_B14.MTS,145.275,160.938,,89.csv
90,129,B19,,,,460,outdoors,shift,no,2,450cm_midroll_run02,20231116_02_dances_03_midroll_B19.MTS,,129,40,.,20,,/home/yakir/mnt/dacke_lab_data/Data/Elin/Project_AllotheticVsIdiothetic_outdoors/./20231116_02_dances_03_midroll_B19.MTS,2023-11-16T08:22:24.0,2023-11-16T08:24:57.0,157.163,20231116_02_dances_03_midroll_B19.MTS,152.751,170.0,,90.csv
92,131,B24,,,,460,outdoors,shift,no,2,450cm_midroll_run02,20231116_02_dances_06_midroll_B24.MTS,,131,40,.,20,,/home/yakir/mnt/dacke_lab_data/Data/Elin/Project_AllotheticVsIdiothetic_outdoors/./20231116_02_dances_06_midroll_B24.MTS,2023-11-16T09:17:58.0,2023-11-16T09:21:08.0,193.534,20231116_02_dances_06_midroll_B24.MTS,189.937,208.749,,92.csv
93,132,B25,,,,460,outdoors,shift,no,2,450cm_midroll_run02,20231116_02_dances_07_midroll_B25.MTS,,132,40,.,20,,/home/yakir/mnt/dacke_lab_data/Data/Elin/Project_AllotheticVsIdiothetic_outdoors/./20231116_02_dances_07_midroll_B25.MTS,2023-11-16T09:29:18.0,2023-11-16T09:32:19.0,184.886,20231116_02_dances_07_midroll_B25.MTS,181.016,194.6,,93.csv
94,133,B26,,,,460,outdoors,shift,no,2,450cm_midroll_run02,20231116_02_dances_08_midroll_B26.MTS,,133,40,.,20,,/home/yakir/mnt/dacke_lab_data/Data/Elin/Project_AllotheticVsIdiothetic_outdoors/./20231116_02_dances_08_midroll_B26.MTS,2023-11-16T09:38:31.0,2023-11-16T09:40:48.0,140.065,20231116_02_dances_08_midroll_B26.MTS,137.363,159.058,,94.csv
95,134,B27,,,,460,outdoors,shift,no,2,450cm_midroll_run02,20231117_02_dances_09_midroll_B27.MTS,,134,40,.,20,,/home/yakir/mnt/dacke_lab_data/Data/Elin/Project_AllotheticVsIdiothetic_outdoors/./20231117_02_dances_09_midroll_B27.MTS,2023-11-17T08:28:26.0,2023-11-17T08:31:14.0,170.771,20231117_02_dances_09_midroll_B27.MTS,167.709,179.677,,95.csv
96,135,B28,,,,460,outdoors,shift,no,2,450cm_midroll_run02,20231117_02_dances_10_midroll_B28.MTS,,135,40,.,20,,/home/yakir/mnt/dacke_lab_data/Data/Elin/Project_AllotheticVsIdiothetic_outdoors/./20231117_02_dances_10_midroll_B28.MTS,2023-11-17T08:38:07.0,2023-11-17T08:39:52.0,108.147,20231117_02_dances_10_midroll_B28.MTS,104.825,117.0,,96.csv
97,136,Bela-Bela_02,,,,460,outdoors,shift,no,10,450cm_midroll_run10,20221120_mirror_dance10_midroll_Bela-Bela_02.MTS,,136,40,.,20,,/home/yakir/mnt/dacke_lab_data/Data/Elin/Project_AllotheticVsIdiothetic_outdoors/./20221120_mirror_dance10_midroll_Bela-Bela_02.MTS,2022-11-19T21:59:23.0,2022-11-19T22:02:24.0,183.902,20221120_mirror_dance10_midroll_Bela-Bela_02.MTS,181.38,191.462,,97.csv
109,148,Bela-Bela_20,00:06:44.631,,,460,outdoors,shift,no,10,450cm_midroll_run10,20221123_mirror_dance10_midroll_Bela-Bela_20.MTS,,148,40,.,20,,/home/yakir/mnt/dacke_lab_data/Data/Elin/Project_AllotheticVsIdiothetic_outdoors/./20221123_mirror_dance10_midroll_Bela-Bela_20.MTS,2022-11-23T03:31:24.0,2022-11-23T03:37:46.0,384.105,20221123_mirror_dance10_midroll_Bela-Bela_20.MTS,381.761,408.0,,109.csv
116,155,Bela-Bela_28,,,,460,outdoors,shift,no,2,450cm_midroll_run02,20221126_mirror_dance02_midroll_Bela-Bela_28.MTS,,155,40,.,20,,/home/yakir/mnt/dacke_lab_data/Data/Elin/Project_AllotheticVsIdiothetic_outdoors/./20221126_mirror_dance02_midroll_Bela-Bela_28.MTS,2022-11-26T03:02:32.0,2022-11-26T03:09:17.0,410.665,20221126_mirror_dance02_midroll_Bela-Bela_28.MTS,404.726,418.141,,116.csv
117,156,Bela-Bela_29,,,,460,outdoors,shift,no,2,450cm_midroll_run02,20221127_mirror_dance02_midroll_Bela-Bela_29.MTS,,156,40,.,20,,/home/yakir/mnt/dacke_lab_data/Data/Elin/Project_AllotheticVsIdiothetic_outdoors/./20221127_mirror_dance02_midroll_Bela-Bela_29.MTS,2022-11-27T02:31:41.0,2022-11-27T02:33:46.0,127.908,20221127_mirror_dance02_midroll_Bela-Bela_29.MTS,124.753,137.359,,117.csv
118,157,Bela-Bela_30,,,,460,outdoors,shift,no,2,450cm_midroll_run02,20221127_mirror_dance02_midroll_Bela-Bela_30.MTS,,157,40,.,20,,/home/yakir/mnt/dacke_lab_data/Data/Elin/Project_AllotheticVsIdiothetic_outdoors/./20221127_mirror_dance02_midroll_Bela-Bela_30.MTS,2022-11-27T02:38:06.0,2022-11-27T02:40:27.0,143.662,20221127_mirror_dance02_midroll_Bela-Bela_30.MTS,140.602,154.0,,118.csv
119,158,Bela-Bela_31,,00:02:22.936,00:02:30.9,460,outdoors,shift,no,2,450cm_spontaneous_run02,20221127_mirror_dance02_spontaneous_Bela-Bela_31.MTS,,158,40,.,20,,/home/yakir/mnt/dacke_lab_data/Data/Elin/Project_AllotheticVsIdiothetic_outdoors/./20221127_mirror_dance02_spontaneous_Bela-Bela_31.MTS,2022-11-27T03:04:00.0,2022-11-27T03:06:17.0,141.043,20221127_mirror_dance02_spontaneous_Bela-Bela_31.MTS,137.441,163.0,,119.csv
120,159,ID23,,00:02:23.053,00:02:26.29,460,outdoors,shift,no,2,450cm_spontaneous_run02,20230112_mirror_dance02_ID23.MTS,,159,40,.,20,,/home/yakir/mnt/dacke_lab_data/Data/Elin/Project_AllotheticVsIdiothetic_outdoors/./20230112_mirror_dance02_ID23.MTS,2023-01-12T09:41:05.0,2023-01-12T09:43:15.0,134.597,20230112_mirror_dance02_ID23.MTS,130.186,158.81,,120.csv
122,161,ID46,,00:06:59.396,00:07:00,460,outdoors,shift,no,2,450cm_spontaneous_run02,20230113_mirror_dance02_ID46.MTS,,161,40,.,20,,/home/yakir/mnt/dacke_lab_data/Data/Elin/Project_AllotheticVsIdiothetic_outdoors/./20230113_mirror_dance02_ID46.MTS,2023-01-13T09:50:19.0,2023-01-13T09:57:08.0,413.097,20230113_mirror_dance02_ID46.MTS,408.598,434.5,,122.csv
