index;run_id;beetle_id;runs_path;file;runs_start;runs_stop;POI;runs_dance;spontaneous_start;spontaneous_end;distance_cm;place;light;dance_by;at_run;condition;calibration_id;start_location;comment
1;1;ID03;;20230111_mirror_dance01_spontaneous_ID03.MTS;00:02:50.86;00:03:25.00;00:02:55.50;;00:02:55.50;00:03:02.8;460;outdoors;shift;no;1;450cm_spontaneous_run01_pre;20230111_mirror_dance01_spontaneous_ID03.MTS;;
2;2;ID09;;20230111_mirror_dance01_dance_ID09.MTS;00:03:50.00;00:03:54.835;;00:03:54.835;;;460;outdoors;shift;hold;1;450cm_dance_run01_pre;20230111_mirror_dance01_dance_ID09.MTS;;
3;2;ID09;;20230111_mirror_dance01_dance_ID09.MTS;00:04:17.90;00:04:34.50;;;;;460;outdoors;shift;hold;1;450cm_dance_run01_post;20230111_mirror_dance01_dance_ID09.MTS;;
4;3;ID15;;20230111_mirror_dance01_midroll_ID15.MTS;00:04:15.263;00:04:53.235;00:04:21.111;;;;460;outdoors;shift;no;1;450cm_midroll_run01;20230111_mirror_dance01_midroll_ID15.MTS;;
5;4;ID17;;20230112_mirror_dance01_midroll_ID17.MTS;00:02:39.789;00:02:58;00:02:41;;;;460;outdoors;shift;no;1;450cm_midroll_run01;20230112_mirror_dance01_midroll_ID17.MTS;;start tracking from POI frame, but use path in sand to track the path a bit before 
6;5;ID29;;20230112_mirror_dance01_spontaneous_ID29.MTS;00:01:50.749;00:02:36.551;00:01:55;;00:02:04.248;00:02:08.387;460;outdoors;shift;no;1;450cm_spontaneous_run01_pre;20230112_mirror_dance01_spontaneous_ID29.MTS;;
7;6;ID36;;20230112_mirror_dance01_midroll_ID36.MTS;00:07:27.595;00:07:55.267;00:07:31.424;;;;460;outdoors;shift;no;1;450cm_midroll_run01;20230112_mirror_dance01_midroll_ID36.MTS;;
8;7;ID38;;20230112_mirror_dance01_dance_ID38.MTS;00:02:47.912;00:02:52.842;;00:02:52.842;;;460;outdoors;shift;hold;1;450cm_dance_run01_pre;20230112_mirror_dance01_dance_ID38.MTS;;
9;7;ID38;;20230112_mirror_dance01_dance_ID38.MTS;00:02:59.951;00:03:12.187;;;;;460;outdoors;shift;hold;1;450cm_dance_run01_post;20230112_mirror_dance01_dance_ID38.MTS;;
10;8;ID44;;20230113_mirror_dance01_dance_ID44.MTS;00:05:18.069;00:05:18.969;;00:05:18.969;;;460;outdoors;shift;hold;1;450cm_dance_run01_pre;20230113_mirror_dance01_dance_ID44.MTS;;start tracking from this time stamp, but use path in sand to track the path a bit before
11;8;ID44;;20230113_mirror_dance01_dance_ID44.MTS;00:05:25.539;00:05:40.147;;;;;460;outdoors;shift;hold;1;450cm_dance_run01_post;20230113_mirror_dance01_dance_ID44.MTS;;
12;9;ID49;;20230113_mirror_dance01_midroll_ID49.MTS;00:02:15.257;00:02:39.520;00:02:20;;;;460;outdoors;shift;no;1;450cm_midroll_run01;20230113_mirror_dance01_midroll_ID49.MTS;;
13;10;ID51;;20230113_mirror_dance01_dance_ID51.MTS;00:02:21.793;00:02:29.716;;00:02:29.716;;;460;outdoors;shift;hold;1;450cm_dance_run01_pre;20230113_mirror_dance01_dance_ID51.MTS;;
14;10;ID51;;20230113_mirror_dance01_dance_ID51.MTS;00:02:42.405;00:02:58;;;;;460;outdoors;shift;hold;1;450cm_dance_run01_post;20230113_mirror_dance01_dance_ID51.MTS;;
15;11;ID55;;20230113_mirror_dance01_spontaneous_ID55.MTS;00:02:34.844;00:02:57.160;00:02:38.169;;00:02:38.465;00:02:41.591;460;outdoors;shift;no;1;450cm_spontaneous_run01_pre;20230113_mirror_dance01_spontaneous_ID55.MTS;;
16;12;ID57;;20230113_mirror_dance01_dance_ID57.MTS;00:03:44.131;00:03:47.820;;00:03:47.820;;;460;outdoors;shift;hold;1;450cm_dance_run01_pre;20230113_mirror_dance01_dance_ID57.MTS;;
17;12;ID57;;20230113_mirror_dance01_dance_ID57.MTS;00:04:08.695;00:04:22;;;;;460;outdoors;shift;hold;1;450cm_dance_run01_post;20230113_mirror_dance01_dance_ID57.MTS;;
18;13;ID05;;20230111_mirror_dance02_spontaneous_ID05.MTS;00:06:52.204;00:07:16;00:06:55.624;;00:06:56.434,00:07:06.331;00:07:00.572,00:07:08;460;outdoors;shift;no;2;450cm_spontaneous_run02_pre;20230111_mirror_dance02_spontaneous_ID05.MTS;;
19;14;ID13;;20230111_mirror_dance02_midroll_ID13.MTS;00:02:51.583;00:03:14.890;00:02:54.734;;;;460;outdoors;shift;no;2;450cm_midroll_run02;20230111_mirror_dance02_midroll_ID13.MTS;;
20;15;ID14;;20230111_mirror_dance02_spontaneous_ID14.MTS;00:04:55.756;00:05:19;00:04:58.275;;00:04:59;00:05:00;460;outdoors;shift;no;2;450cm_spontaneous_run02_pre;20230111_mirror_dance02_spontaneous_ID14.MTS;;
21;16;ID25;;20230112_mirror_dance02_dance_ID25.MTS;00:04:29.298;00:04:33.7;;00:04:33.7;;;460;outdoors;shift;hold;2;450cm_dance_run02_pre;20230112_mirror_dance02_dance_ID25.MTS;;
22;16;ID25;;20230112_mirror_dance02_dance_ID25.MTS;00:04:37.845;00:04:53.958;;;;;460;outdoors;shift;hold;2;450cm_dance_run02_post;20230112_mirror_dance02_dance_ID25.MTS;;
23;17;ID27;;20230112_mirror_dance02_midroll_ID27.MTS;00:03:14.706;00:03:47.013;00:03:18.485;;;;460;outdoors;shift;no;2;450cm_midroll_run02;20230112_mirror_dance02_midroll_ID27.MTS;;
24;18;ID35;;20230112_mirror_dance02_dance_ID35.MTS;00:02:20.357;00:02:25.12;;00:02:25.12;;;460;outdoors;shift;hold;2;450cm_dance_run02_pre;20230112_mirror_dance02_dance_ID35.MTS;;
25;18;ID35;;20230112_mirror_dance02_dance_ID35.MTS;00:02:28.816;00:02:42.673;;;;;460;outdoors;shift;hold;2;450cm_dance_run02_post;20230112_mirror_dance02_dance_ID35.MTS;;
26;19;ID40;;20230113_mirror_dance02_midroll_ID40.MTS;00:03:58.806;00:04:29.398;00:04:04.114;;;;460;outdoors;shift;no;2;450cm_midroll_run02;20230113_mirror_dance02_midroll_ID40.MTS;;
27;20;ID41;;20230113_mirror_dance02_dance_ID41.MTS;00:03:52.679;00:03:57.177;;00:03:57.177;;;460;outdoors;shift;hold;2;450cm_dance_run02_pre;20230113_mirror_dance02_dance_ID41.MTS;;
28;20;ID41;;20230113_mirror_dance02_dance_ID41.MTS;00:04:00;00:04:14;;;;;460;outdoors;shift;hold;2;450cm_dance_run02_post;20230113_mirror_dance02_dance_ID41.MTS;;
29;21;ID47;;20230113_mirror_dance02_dance_ID47.MTS;00:02:24;00:02:29;;00:02:29;;;460;outdoors;shift;hold;2;450cm_dance_run02_pre;20230113_mirror_dance02_dance_ID47.MTS;;
30;21;ID47;;20230113_mirror_dance02_dance_ID47.MTS;00:02:36.376;00:02:57.972;;;;;460;outdoors;shift;hold;2;450cm_dance_run02_post;20230113_mirror_dance02_dance_ID47.MTS;;
31;22;ID54;;20230113_mirror_dance02_midroll_ID54.MTS;00:03:04.453;00:03:27.3;00:03:10.392;;;;460;outdoors;shift;no;2;450cm_midroll_run02;20230113_mirror_dance02_midroll_ID54.MTS;;
32;23;ID59;;20230113_mirror_dance02_spontaneous_ID59.MTS;00:02:04;00:02:25.8;00:02:07.396;;00:02:09.104,00:02:13.515;00:02:10.7,00:02:15.6;460;outdoors;shift;no;2;450cm_spontaneous_run02_pre;20230113_mirror_dance02_spontaneous_ID59.MTS;;
33;24;ID60;;20230113_mirror_dance02_dance_ID60.MTS;00:01:53;00:01:58;;00:01:58;;;460;outdoors;shift;hold;2;450cm_dance_run02_pre;20230113_mirror_dance02_dance_ID60.MTS;;
34;24;ID60;;20230113_mirror_dance02_dance_ID60.MTS;00:02:03.5;00:02:16.9;;;;;460;outdoors;shift;hold;2;450cm_dance_run02_post;20230113_mirror_dance02_dance_ID60.MTS;;
35;25;ID02;;20230111_mirror_dance10_midroll_ID02.MTS;00:06:22.4;00:06:55.9;00:06:26;;;;460;outdoors;shift;no;10;450cm_midroll_run10;20230111_mirror_dance10_midroll_ID02.MTS;;
36;26;ID04;;20230111_mirror_dance10_ID04_dance_part2.MTS;00:01:26.8;00:01:31.226;;00:01:31.226;;;460;outdoors;shift;hold;10;450cm_dance_run10_pre;20230111_mirror_dance10_ID04_dance_part2.MTS;;
37;26;ID04;;20230111_mirror_dance10_ID04_dance_part2.MTS;00:01:37;00:01:50;;;;;460;outdoors;shift;hold;10;450cm_dance_run10_post;20230111_mirror_dance10_ID04_dance_part2.MTS;;
38;27;ID08;;20230111_mirror_dance10_spontaneous_ID08.MTS;00:05:10.25;00:05:36;00:05:17.089;;00:05:18.619;00:05:20.3;460;outdoors;shift;no;10;450cm_spontaneous_run10_pre;20230111_mirror_dance10_spontaneous_ID08.MTS;;
39;28;ID10;;20230111_mirror_dance10_dance_ID10.MTS;00:03:11;00:03:17;;00:03:17;;;460;outdoors;shift;hold;10;450cm_dance_run10_pre;20230111_mirror_dance10_dance_ID10.MTS;;
40;28;ID10;;20230111_mirror_dance10_dance_ID10.MTS;00:03:27;00:03:43;;;;;460;outdoors;shift;hold;10;450cm_dance_run10_post;20230111_mirror_dance10_dance_ID10.MTS;;
41;29;ID16;;20230112_mirror_dance10_midroll_ID16.MTS;00:05:09;00:05:32;00:05:12;;;;460;outdoors;shift;no;10;450cm_midroll_run10;20230112_mirror_dance10_midroll_ID16.MTS;;
42;30;ID18;;20230112_mirror_dance10_dance_ID18.MTS;00:02:50;00:02:54.201;;00:02:54.201;;;460;outdoors;shift;hold;10;450cm_dance_run10_pre;20230112_mirror_dance10_dance_ID18_measure.MTS;;
43;30;ID18;;20230112_mirror_dance10_dance_ID18.MTS;00:03:00;00:03:14.348;;;;;460;outdoors;shift;hold;10;450cm_dance_run10_post;20230112_mirror_dance10_dance_ID18_measure.MTS;;
44;31;ID20;;20230112_mirror_dance10_midroll_ID20.MTS;00:09:00.069;00:09:31.742;00:09:05.468;;;;460;outdoors;shift;no;10;450cm_midroll_run10;20230112_mirror_dance10_midroll_ID20.MTS;;
45;32;ID22;;20230112_mirror_dance10_dance_ID22.MTS;00:04:15;00:04:21.2;;00:04:21.2;;;460;outdoors;shift;hold;10;450cm_dance_run10_pre;20230112_mirror_dance10_dance_ID22.MTS;;
46;32;ID22;;20230112_mirror_dance10_dance_ID22.MTS;00:04:27;00:04:38.033;;;;;460;outdoors;shift;hold;10;450cm_dance_run10_post;20230112_mirror_dance10_dance_ID22.MTS;;
47;33;ID30;;20230112_mirror_dance10_ID30_dance01_ID31.MTS;00:05:20.317;00:05:36;00:05:23.108;;;;460;outdoors;shift;no;10;450cm_midroll_run10;20230112_mirror_dance10_ID30_dance01_ID31.MTS;;
48;34;ID33;;20230112_mirror_dance10_dance_ID33.MTS;00:05:30.758;00:05:35.254;;00:05:35.254;;;460;outdoors;shift;hold;10;450cm_dance_run10_pre;20230112_mirror_dance10_dance_ID33.MTS;;
49;34;ID33;;20230112_mirror_dance10_dance_ID33.MTS;00:05:41.555;00:06:01.443;;;;;460;outdoors;shift;hold;10;450cm_dance_run10_post;20230112_mirror_dance10_dance_ID33.MTS;;
50;35;ID37;;20230112_mirror_dance10_midroll_ID37.MTS;00:04:00;00:04:14.465;00:04:03.396;;;;460;outdoors;shift;no;10;450cm_midroll_run10;20230112_mirror_dance10_midroll_ID37.MTS;;
51;36;ID39;;20230113_mirror_dance10_dance_ID39.MTS;00:07:45.499;00:07:50.539;;00:07:50.539;;;460;outdoors;shift;hold;10;450cm_dance_run10_pre;20230113_mirror_dance10_dance_ID39.MTS;;
52;36;ID39;;20230113_mirror_dance10_dance_ID39.MTS;00:07:56.206;00:08:05.655;;;;;460;outdoors;shift;hold;10;450cm_dance_run10_post;20230113_mirror_dance10_dance_ID39.MTS;;
53;37;ID43;;20230113_mirror_dance10_spontaneous_ID43.MTS;00:08:21.549;00:08:53.402;00:08:28.930;;00:08:30.730;00:08:32.5;460;outdoors;shift;no;10;450cm_spontaneous_run10_pre;20230113_mirror_dance10_spontaneous_ID43.MTS;;
54;38;ID45;;20230113_mirror_dance10_dance_ID45.MTS;00:04:46;00:04:50.447;;00:04:50.447;;;460;outdoors;shift;hold;10;450cm_dance_run10_pre;20230113_mirror_dance10_dance_ID45.MTS;;
55;38;ID45;;20230113_mirror_dance10_dance_ID45.MTS;00:05:01;00:05:12.761;;;;;460;outdoors;shift;hold;10;450cm_dance_run10_post;20230113_mirror_dance10_dance_ID45.MTS;;
56;39;ID50;;20230113_mirror_dance10_spontaneous_ID50.MTS;00:04:50.810;00:005:27.8;00:04:53.960;;00:04:55.759,00:05:14.295;00:05:03.4,00:05:18;460;outdoors;shift;no;10;450cm_spontaneous_run10_pre;20230113_mirror_dance10_spontaneous_ID50.MTS;;
57;40;ID52;;20230113_mirror_dance10_dance_ID52.MTS;00:02:54.638;00:02:58.866;;00:02:58.866;;;460;outdoors;shift;hold;10;450cm_dance_run10_pre;20230113_mirror_dance10_dance_ID52.MTS;;
58;40;ID52;;20230113_mirror_dance10_dance_ID52.MTS;00:03:02.376;00:03:25.771;;;;;460;outdoors;shift;hold;10;450cm_dance_run10_post;20230113_mirror_dance10_dance_ID52.MTS;;
59;41;ID56;;20230113_mirror_dance10_midroll_ID56.MTS;00:04:03.752;00:04:29.357;00:04:08.161;;;;460;outdoors;shift;no;10;450cm_midroll_run10;20230113_mirror_dance10_midroll_ID56.MTS;;
60;42;ID58;;20230113_mirror_dance10_dance_ID58.MTS;00:03:52.769;00:03:56.818;;00:03:56.818;;;460;outdoors;shift;hold;10;450cm_dance_run10_pre;20230113_mirror_dance10_dance_ID58.MTS;;
61;42;ID58;;20230113_mirror_dance10_dance_ID58.MTS;00:04:07.709;00:04:25.164;;;;;460;outdoors;shift;hold;10;450cm_dance_run10_post;20230113_mirror_dance10_dance_ID58.MTS;;
62;43;ID61;;20230114_mirror_dance02_midroll_ID61.MTS;00:02:37;00:03:04.131;00:02:40.911;;;;460;outdoors;shift;no;2;450cm_midroll_run02;20230114_mirror_dance02_midroll_ID61.MTS;;
63;44;ID62;;20230114_mirror_dance02_dance_ID62.MTS;00:02:31;00:02:35.655;;00:02:35.655;;;460;outdoors;shift;hold;2;450cm_dance_run02_pre;20230114_mirror_dance02_dance_ID62.MTS;;
64;44;ID62;;20230114_mirror_dance02_dance_ID62.MTS;00:02:41;00:02:56.642;;;;;460;outdoors;shift;hold;2;450cm_dance_run02_post;20230114_mirror_dance02_dance_ID62.MTS;;
65;45;ID63;;20230114_mirror_dance02_midroll_ID63.MTS;00:02:07;00:02:28;00:02:11.715;;;;460;outdoors;shift;no;2;450cm_midroll_run02;20230114_mirror_dance02_midroll_ID63.MTS;;
66;46;ID64;;20230114_mirror_dance02_dance_ID64.MTS;00:06:32.222;00:06:37.382;;00:06:37.382;;;460;outdoors;shift;hold;2;450cm_dance_run02_pre;20230114_mirror_dance02_dance_ID64.MTS;;
67;46;ID64;;20230114_mirror_dance02_dance_ID64.MTS;00:06:42;00:06:58;;;;;460;outdoors;shift;hold;2;450cm_dance_run02_post;20230114_mirror_dance02_dance_ID64.MTS;;
68;47;ID65;;20230114_mirror_dance02_midroll_ID65.MTS;00:04:27.055;00:04:41.404;00:04:30.655;;;;460;outdoors;shift;no;2;450cm_midroll_run02;20230114_mirror_dance02_midroll_ID65.MTS;;
69;48;ID66;;20230114_mirror_dance02_dance_ID66.MTS;00:01:48;00:01:52.192;;00:01:52.192;;;460;outdoors;shift;hold;2;450cm_dance_run02_pre;20230114_mirror_dance02_dance_ID66.MTS;;
70;48;ID66;;20230114_mirror_dance02_dance_ID66.MTS;00:01:55.520;00:02:11.857;;;;;460;outdoors;shift;hold;2;450cm_dance_run02_post;20230114_mirror_dance02_dance_ID66.MTS;;
71;49;ID67;;20230114_mirror_dance02_midroll_ID67.MTS;00:01:57.863;00:02:13.519;00:02:01.283;;;;460;outdoors;shift;no;2;450cm_midroll_run02;20230114_mirror_dance02_midroll_ID67.MTS;;
72;50;ID68;;20230114_mirror_dance02_dance_ID68.MTS;00:02:21;00:02:25.391;;00:02:25.391;;;460;outdoors;shift;hold;2;450cm_dance_run02_pre;20230114_mirror_dance02_dance_ID68.MTS;;
73;50;ID68;;20230114_mirror_dance02_dance_ID68.MTS;00:02:33.939;00:02:46.180;;;;;460;outdoors;shift;hold;2;450cm_dance_run02_post;20230114_mirror_dance02_dance_ID68.MTS;;
74;51;ID69;;20230114_mirror_dance02_midroll_ID69.MTS;00:02:34.482;00:02:45.369;00:02:39.698;;;;460;outdoors;shift;no;2;450cm_midroll_run02;20230114_mirror_dance02_midroll_ID69.MTS;;
75;52;ID70;;20230114_mirror_dance02_dance_ID70.MTS;00:02:33.124;00:02:37.453;;00:02:37.453;;;460;outdoors;shift;hold;2;450cm_dance_run02_pre;20230114_mirror_dance02_dance_ID70.MTS;;
76;52;ID70;;20230114_mirror_dance02_dance_ID70.MTS;00:02:41.773;00:02:54;;;;;460;outdoors;shift;hold;2;450cm_dance_run02_post;20230114_mirror_dance02_dance_ID70.MTS;;
77;53;ID71;;20230114_mirror_dance02_midroll_ID71.MTS;00:08:31.986;00:08:47.463;00:08:36;;;;460;outdoors;shift;no;2;450cm_midroll_run02;20230114_mirror_dance02_midroll_ID71.MTS;;
78;54;ID72;;20230114_mirror_dance02_dance_ID72.MTS;00:01:47.760;00:01:51.924;;00:01:51.924;;;460;outdoors;shift;hold;2;450cm_dance_run02_pre;20230114_mirror_dance02_dance_ID72.MTS;;
79;54;ID72;;20230114_mirror_dance02_dance_ID72.MTS;00:01:57.683;00:02:06.590;;;;;460;outdoors;shift;hold;2;450cm_dance_run02_post;20230114_mirror_dance02_dance_ID72.MTS;;
80;55;ID73;;20230114_mirror_dance02_midroll_ID73.MTS;00:02:46.811;00:02:59.8;00:02:51.310;;;;460;outdoors;shift;no;2;450cm_midroll_run02;20230114_mirror_dance02_midroll_ID73.MTS;;
81;56;ID74;;20230114_mirror_dance02_dance_ID74.MTS;00:02:57.157;00:03:02;;00:03:02;;;460;outdoors;shift;hold;2;450cm_dance_run02_pre;20230114_mirror_dance02_dance_ID74.MTS;;
82;56;ID74;;20230114_mirror_dance02_dance_ID74.MTS;00:03:15.429;00:03:30.332;;;;;460;outdoors;shift;hold;2;450cm_dance_run02_post;20230114_mirror_dance02_dance_ID74.MTS;;
83;57;ID76;;20230114_mirror_dance02_dance_ID76.MTS;00:03:18.220;00:03:22.989;;00:03:22.989;;;460;outdoors;shift;hold;2;450cm_dance_run02_pre;20230114_mirror_dance02_dance_ID76.MTS;;
84;57;ID76;;20230114_mirror_dance02_dance_ID76.MTS;00:03:42;00:03:55;;;;;460;outdoors;shift;hold;2;450cm_dance_run02_post;20230114_mirror_dance02_dance_ID76.MTS;;
85;58;ID77;;20230114_mirror_dance02_spontaneous_ID77.MTS;00:04:44.516;00:05:18.8;00:04:51.356;;00:04:52.615;00:04:56.3;460;outdoors;shift;no;2;450cm_spontaneous_run02;20230114_mirror_dance02_spontaneous_ID77.MTS;;
86;59;ID81;;20230114_mirror_dance02_midroll_ID81.MTS;00:03:53.127;00:04:14.543;00:03:59.155;;;;460;outdoors;shift;no;2;450cm_midroll_run02;20230114_mirror_dance02_midroll_ID81.MTS;;
87;60;ID84;;20230116_mirror_dance01_ID84_and_dance10_ID85.MTS;00:03:22;00:03:46.306;00:03:25.863;;;;460;outdoors;shift;no;1;450cm_midroll_run01;20230116_mirror_dance01_ID84_and_dance10_ID85.MTS;;
88;61;ID85;;20230116_mirror_dance01_ID84_and_dance10_ID85.MTS;00:09:13;00:09:18.597;;00:09:18.597;;;460;outdoors;shift;hold;10;450cm_dance_run10_pre;20230116_dance10_ID85_measure.MTS;;
89;61;ID85;;20230116_mirror_dance01_ID84_and_dance10_ID85.MTS;00:09:23.634;00:09:48.159;;;;;460;outdoors;shift;hold;10;450cm_dance_run10_post;20230116_dance10_ID85_measure.MTS;;
90;62;ID87;;20230116_mirror_dance10_midroll_ID87_part1.MTS;00:10:20.416;00:10:34.472;00:10:26.174;00:10:34.472;;;460;outdoors;shift;no;10;450cm_midroll_run10;20230116_mirror_dance10_midroll_ID87_part2.MTS;;
91;62;ID87;;20230116_mirror_dance10_midroll_ID87_part2.MTS;00:00:00;00:00:07;;;;;460;outdoors;shift;no;10;450cm_midroll_run10;20230116_mirror_dance10_midroll_ID87_part2.MTS;;
92;63;ID131;;20230118_mirror_dance01_dance_ID131.MTS;00:01:49.128;00:01:51.648;;00:01:51.648;;;460;outdoors;shift;hold;1;450cm_dance_run01_pre;20230118_mirror_dance01_dance_ID131.MTS;;
93;63;ID131;;20230118_mirror_dance01_dance_ID131.MTS;00:02:00;00:02:11;;;;;460;outdoors;shift;hold;1;450cm_dance_run01_post;20230118_mirror_dance01_dance_ID131.MTS;;
94;64;ID132;;20230118_mirror_dance10_dance_ID132.MTS;00:02:29.714;00:02:33.438;;00:02:33.438;;;460;outdoors;shift;hold;10;450cm_dance_run10_pre;20230118_mirror_dance10_dance_ID132.MTS;;
95;64;ID132;;20230118_mirror_dance10_dance_ID132.MTS;00:02:42.672;00:02:54;;;;;460;outdoors;shift;hold;10;450cm_dance_run10_post;20230118_mirror_dance10_dance_ID132.MTS;;
96;65;ID133;;20230118_mirror_dance10_dance_ID133.MTS;00:06:52.913;00:06:56.425;;00:06:56.425;;;460;outdoors;shift;hold;10;450cm_dance_run10_pre;20230118_mirror_dance10_dance_ID133.MTS;;
97;65;ID133;;20230118_mirror_dance10_dance_ID133.MTS;00:07:01.642;00:007:10;;;;;460;outdoors;shift;hold;10;450cm_dance_run10_post;20230118_mirror_dance10_dance_ID133.MTS;;
98;66;ID134;;20230118_mirror_dance01_dance_ID134.MTS;00:02:06.502;00:02:09.560;;00:02:09.560;;;460;outdoors;shift;hold;1;450cm_dance_run01_pre;20230118_mirror_dance01_dance_ID134.MTS;;
99;66;ID134;;20230118_mirror_dance01_dance_ID134.MTS;00:02:12.438;00:02:23.957;;;;;460;outdoors;shift;hold;1;450cm_dance_run01_post;20230118_mirror_dance01_dance_ID134.MTS;;
100;67;ID135;;20230118_mirror_dance10_dance_ID135.MTS;00:04:08.425;00:04:12.565;;00:04:12.565;;;460;outdoors;shift;hold;10;450cm_dance_run10_pre;20230118_mirror_dance10_dance_ID135.MTS;;
101;67;ID135;;20230118_mirror_dance10_dance_ID135.MTS;00:04:23.9;00:04:40;;;;;460;outdoors;shift;hold;10;450cm_dance_run10_post;20230118_mirror_dance10_dance_ID135.MTS;;
102;68;ID136;;20230118_mirror_dance01_dance_ID136.MTS;00:01:43;00:01:45.622;;00:01:45.622;;;460;outdoors;shift;hold;1;450cm_dance_run01_pre;20230118_mirror_dance01_dance_ID136.MTS;;
103;68;ID136;;20230118_mirror_dance01_dance_ID136.MTS;00:01:50.662;00:02:07.577;;;;;460;outdoors;shift;hold;1;450cm_dance_run01_post;20230118_mirror_dance01_dance_ID136.MTS;;
104;69;ID137;;20230118_mirror_dance10_dance_ID137.MTS;00:03:43.692;00:03:46.569;;00:03:46.569;;;460;outdoors;shift;hold;10;450cm_dance_run10_pre;20230118_mirror_dance10_dance_ID137.MTS;;
105;69;ID137;;20230118_mirror_dance10_dance_ID137.MTS;00:03:55.48;00:04:06;;;;;460;outdoors;shift;hold;10;450cm_dance_run10_post;20230118_mirror_dance10_dance_ID137.MTS;;
106;70;ID138;;20230118_mirror_dance01_dance_ID138.MTS;00:03:44;00:03:47;;00:03:47;;;460;outdoors;shift;hold;1;450cm_dance_run01_pre;20230118_mirror_dance01_dance_ID138.MTS;;
107;70;ID138;;20230118_mirror_dance01_dance_ID138.MTS;00:03:58;00:04:05.6;;;;;460;outdoors;shift;hold;1;450cm_dance_run01_post;20230118_mirror_dance01_dance_ID138.MTS;;
108;71;ID139;;20230118_mirror_dance10_dance_ID139.MTS;00:02:51.3;00:02:54.736;;00:02:54.736;;;460;outdoors;shift;hold;10;450cm_dance_run10_pre;20230118_mirror_dance10_dance_ID139.MTS;;
109;71;ID139;;20230118_mirror_dance10_dance_ID139.MTS;00:03:03.196;00:03:13;;;;;460;outdoors;shift;hold;10;450cm_dance_run10_post;20230118_mirror_dance10_dance_ID139.MTS;;
110;72;ID140;;20230118_mirror_dance10_dance_ID140.MTS;00:02:34;00:02:37.452;;00:02:37.452;;;460;outdoors;shift;hold;10;450cm_dance_run10_pre;20230118_mirror_dance10_dance_ID140.MTS;;
111;72;ID140;;20230118_mirror_dance10_dance_ID140.MTS;00:02:41.234;00:03:01;;;;;460;outdoors;shift;hold;10;450cm_dance_run10_post;20230118_mirror_dance10_dance_ID140.MTS;;
112;73;B01;;20231115_10_dances_01_midroll_B01.MTS;00:04:33.835;00:05:56;00:04:36.531;;;;460;outdoors;shift;no;10;450cm_midroll_run10;20231115_10_dances_01_midroll_B01.MTS;;
113;74;B05;;20231115_10_dances_03_midroll_B05.MTS;00:02:40.4;00:02:51;00:02:43;;;;460;outdoors;shift;no;10;450cm_midroll_run10;20231115_10_dances_03_midroll_B05.MTS;;
114;75;B09;;20231115_10_dances_05_midroll_B09.MTS;00:02:08.714;00:02:18.437;00:02:11.234;;;;460;outdoors;shift;no;10;450cm_midroll_run10;20231115_10_dances_05_midroll_B09.MTS;;
115;76;B12;;20231115_10_dances_06_spontaneous_B12.MTS;00:02:18.534;00:02:39.238;00:02:20.960;;00:02:23.303,00:02:29.425;00:02:27,00:02:30.773;460;outdoors;shift;no;10;450cm_spontaneous_run10;20231115_10_dances_06_spontaneous_B12.MTS;;
116;77;B15;;20231115_10_dances_07_midroll_B15.MTS;00:02:04.122;00:02:13.7;00:02:06.731;;;;460;outdoors;shift;no;10;450cm_midroll_run10;20231115_10_dances_07_midroll_B15.MTS;;
117;78;B20;;20231116_10_dances_08_midroll_B20.MTS;00:02:30.143;00:02:42;00:02:34;;;;460;outdoors;shift;no;10;450cm_midroll_run10;20231116_10_dances_08_midroll_B20.MTS;;
118;79;B02;;20231115_01_dances_01_spontaneous_B02.MTS;00:02:46;00:03:16;00:02:47.962;;00:02:53.096;00:02:58;460;outdoors;shift;no;1;450cm_spontaneous_run01;20231115_01_dances_01_spontaneous_B02.MTS;;
119;80;B04;;20231115_01_dances_02_midroll_B04.MTS;00:02:51.7;00:03:11;00:02:55.255;;;;460;outdoors;shift;no;1;450cm_midroll_run01;20231115_01_dances_02_midroll_B04.MTS;;
120;81;B06;;20231115_01_dances_03_midroll_B06.MTS;00:04:59.664;00:05:16.137;00:05:03.645;;;;460;outdoors;shift;no;1;450cm_midroll_run01;20231115_01_dances_03_midroll_B06.MTS;;
121;82;B08;;20231115_01_dances_04_spontaneous_B08.MTS;00:02:44.635;00:03:19.563;00:02:47.698;;00:02:54.629;00:03:04;460;outdoors;shift;no;1;450cm_spontaneous_run01;20231115_01_dances_04_spontaneous_B08.MTS;;
122;83;B10;;20231115_01_dances_05_spontaneous_B10.MTS;00:01:15.725;00:01:30.5;00:01:20.375;;00:01:21;00:01:23;460;outdoors;shift;no;1;450cm_spontaneous_run01;20231115_01_dances_05_spontaneous_B10.MTS;;
123;84;B13;;20231115_01_dances_06_spontaneous_B13.MTS;00:02:17.169;00:02:51;00:02:21.578;;00:02:22.570,00:02:40;00:02:30.85,00:02:43.819;460;outdoors;shift;no;1;450cm_spontaneous_run01;20231115_01_dances_06_spontaneous_B13.MTS;;
124;85;B16;;20231115_01_dances_07_spontaneous_B16.MTS;00:01:34.054;00:02:09.794;00:01:38.918;;00:01:43;00:02:01.2;460;outdoors;shift;no;1;450cm_spontaneous_run01;20231115_01_dances_07_spontaneous_B16.MTS;;
125;86;B18;;20231116_01_dances_08_midroll_B18.MTS;00:01:42.876;00:01:55.126;00:01:46.215;;;;460;outdoors;shift;no;1;450cm_midroll_run01;20231116_01_dances_08_midroll_B18.MTS;;
126;87;B22;;20231116_01_dances_09_spontaneous_B22.MTS;00:05:06.151;00:05:34.419;00:05:09.120;;00:05:11;00:05:15;460;outdoors;shift;no;1;450cm_spontaneous_run01;20231116_01_dances_09_spontaneous_B22.MTS;;
127;88;B11;;20231115_02_dances_01_midroll_B11.MTS;00:02:55.339;00:03:29;00:02:58.489;;00:03:04;00:03:17.494;460;outdoors;shift;no;2;450cm_spontaneous_run02;20231115_02_dances_01_midroll_B11.MTS;;
128;89;B14;;20231115_02_dances_02_midroll_B14.MTS;00:02:25.275;00:02:40.938;00:02:29.147;;;;460;outdoors;shift;no;2;450cm_midroll_run02;20231115_02_dances_02_midroll_B14.MTS;;
129;90;B19;;20231116_02_dances_03_midroll_B19.MTS;00:02:32.751;00:02:50;00:02:37.163;;;;460;outdoors;shift;no;2;450cm_midroll_run02;20231116_02_dances_03_midroll_B19.MTS;;
130;91;B23;;20231116_02_dances_05_spontaneous_B23.MTS;00:01:54.760;00:02:10.78;00:01:57.554;;00:01:59;00:02:01.696;460;outdoors;shift;no;2;450cm_spontaneous_run02;20231116_02_dances_05_spontaneous_B23.MTS;;
131;92;B24;;20231116_02_dances_06_midroll_B24.MTS;00:03:09.937;00:03:28.749;00:03:13.534;;;;460;outdoors;shift;no;2;450cm_midroll_run02;20231116_02_dances_06_midroll_B24.MTS;;
132;93;B25;;20231116_02_dances_07_midroll_B25.MTS;00:03:01.016;00:03:14.6;00:03:04.886;;;;460;outdoors;shift;no;2;450cm_midroll_run02;20231116_02_dances_07_midroll_B25.MTS;;
133;94;B26;;20231116_02_dances_08_midroll_B26.MTS;00:02:17.363;00:02:39.058;00:02:20.065;;;;460;outdoors;shift;no;2;450cm_midroll_run02;20231116_02_dances_08_midroll_B26.MTS;;
134;95;B27;;20231117_02_dances_09_midroll_B27.MTS;00:02:47.709;00:02:59.677;00:02:50.771;;;;460;outdoors;shift;no;2;450cm_midroll_run02;20231117_02_dances_09_midroll_B27.MTS;;
135;96;B28;;20231117_02_dances_10_midroll_B28.MTS;00:01:44.825;00:01:57;00:01:48.147;;;;460;outdoors;shift;no;2;450cm_midroll_run02;20231117_02_dances_10_midroll_B28.MTS;;
136;97;Bela-Bela_02;;20221120_mirror_dance10_midroll_Bela-Bela_02.MTS;00:03:01.380;00:03:11.462;00:03:03.902;;;;460;outdoors;shift;no;10;450cm_midroll_run10;20221120_mirror_dance10_midroll_Bela-Bela_02.MTS;;
137;98;Bela-Bela_05;;20221120_mirror_dance10_midroll_Bela-Bela_05.MTS;00:02:20.143;00:02:46;00:02:24.1;;;;460;outdoors;shift;no;10;450cm_midroll_run10;20221120_mirror_dance10_midroll_Bela-Bela_05.MTS;;
138;99;Bela-Bela_06;;20221120_mirror_dance01_spontaneous_Bela-Bela_06.MTS;00:01:47.730;00:02:06.7;00:01:50.79;;00:01:54.2;00:01:55.2;460;outdoors;shift;no;1;450cm_spontaneous_run01;20221120_mirror_dance01_spontaneous_Bela-Bela_06.MTS;;
139;100;Bela-Bela_08;;20221120_mirror_dance10_spontaneous_Bela-Bela_08.MTS;00:01:17.494;00:01:38.741;00:01:20.8;;00:01:23.88;00:01:26.766;460;outdoors;shift;no;10;450cm_spontaneous_run10;20221120_mirror_dance10_spontaneous_Bela-Bela_08.MTS;;
140;101;Bela-Bela_12;;20221123_mirror_dance01_spontaneous_Bela-Bela_12.MTS;00:02:17.7;00:02:43.194;00:02:18.885;;00:02:20.14;00:02:34;460;outdoors;shift;no;1;450cm_spontaneous_run01;20221123_mirror_dance01_spontaneous_Bela-Bela_12.MTS;;
141;102;Bela-Bela_13;;20221123_mirror_dance10_spontaneous_Bela-Bela_13.MTS;00:02:50.938;00:03:22.439;00:02:53.9;;00:02:54.899,00:03:07.409;00:03:00,00:03:09.119;460;outdoors;shift;no;10;450cm_spontaneous_run10;20221123_mirror_dance10_spontaneous_Bela-Bela_13.MTS;;
142;103;Bela-Bela_14;;20221123_mirror_dance01_midroll_Bela-Bela_14.MTS;00:01:33.605;00:02:01.330;00:01:35.496;00:01:53.768;;;460;outdoors;shift;no;1;450cm_midroll_run01;20221123_mirror_dance01_midroll_Bela-Bela_14.MTS;;
143;104;Bela-Bela_15;;20221123_mirror_dance10_midroll_Bela-Bela_15.MTS;00:02:35.9;00:02:50.755;00:02:37.792;;;;460;outdoors;shift;no;10;450cm_midroll_run10;20221123_mirror_dance10_midroll_Bela-Bela_15.MTS;;
144;105;Bela-Bela_16;;20221123_mirror_dance01_midroll_Bela-Bela_16.MTS;00:02:15.824;00:02:34.4;00:02:19.335;;;;460;outdoors;shift;no;1;450cm_midroll_run01;20221123_mirror_dance01_midroll_Bela-Bela_16.MTS;;
145;106;Bela-Bela_17;;20221123_mirror_dance10_midroll_Bela-Bela_17.MTS;00:02:24.371;00:02:37.154;00:02:26.801;;;;460;outdoors;shift;no;10;450cm_midroll_run10;20221123_mirror_dance10_midroll_Bela-Bela_17.MTS;;
146;107;Bela-Bela_18;;20221123_mirror_dance01_spontaneous_Bela-Bela_18.MTS;00:03:37.559;00:03:57.366;00:03:38.820;;00:03:42.958;00:03:44.67;460;outdoors;shift;no;1;450cm_spontaneous_run01;20221123_mirror_dance01_spontaneous_Bela-Bela_18.MTS;;
147;108;Bela-Bela_19;;20221123_mirror_dance01_spontaneous_Bela-Bela_19.MTS;00:01:11.911;00:01:25.685;00:01:14.884;;00:01:18.847;00:01:19.9;460;outdoors;shift;no;1;450cm_spontaneous_run01;20221123_mirror_dance01_spontaneous_Bela-Bela_19.MTS;;
148;109;Bela-Bela_20;;20221123_mirror_dance10_midroll_Bela-Bela_20.MTS;00:06:21.761;00:06:48;00:06:24.105;00:06:44.631;;;460;outdoors;shift;no;10;450cm_midroll_run10;20221123_mirror_dance10_midroll_Bela-Bela_20.MTS;;
149;110;Bela-Bela_21;;20221124_mirror_dance10_midroll_Bela-Bela_21.MTS;00:03:33.153;00:03:44.849;00:03:34.231;;;;460;outdoors;shift;no;10;450cm_midroll_run10;20221124_mirror_dance10_midroll_Bela-Bela_21.MTS;;
150;111;Bela-Bela_22;;20221124_mirror_dance01_midroll_Bela-Bela_22.MTS;00:03:36.041;00:03:49.620;00:03:38.462;;;;460;outdoors;shift;no;1;450cm_midroll_run01;20221124_mirror_dance01_midroll_Bela-Bela_22.MTS;;
151;112;Bela-Bela_23;;20221124_mirror_dance10_spontaneous_Bela-Bela_23.MTS;00:03:28.471;00:03:45.56;00:03:32.88;;00:03:36.119;00:03:40.175;460;outdoors;shift;no;10;450cm_spontaneous_run10;20221124_mirror_dance10_spontaneous_Bela-Bela_23.MTS;;
152;113;Bela-Bela_24;;20221124_mirror_dance01_spontaneous_Bela-Bela_24.MTS;00:01:31.135;00:01:49;00:01:32.667;;00:01:34.108,00:01:39.864;00:01:37.25,00:01:41.8;460;outdoors;shift;no;1;450cm_spontaneous_run01;20221124_mirror_dance01_spontaneous_Bela-Bela_24.MTS;;
153;114;Bela-Bela_25;;20221124_mirror_dance10_midroll_Bela-Bela_25.MTS;00:02:11.721;00:02:19.376;00:02:14.062;;;;460;outdoors;shift;no;10;450cm_midroll_run10;20221124_mirror_dance10_midroll_Bela-Bela_25.MTS;;
154;115;Bela-Bela_26;;20221124_mirror_dance10_midroll_Bela-Bela_26.MTS;00:05:41.205;00:05:52.9;00:05:43.725;;;;460;outdoors;shift;no;10;450cm_midroll_run10;20221124_mirror_dance10_midroll_Bela-Bela_26.MTS;;
155;116;Bela-Bela_28;;20221126_mirror_dance02_midroll_Bela-Bela_28.MTS;00:06:44.726;00:06:58.141;00:06:50.665;;;;460;outdoors;shift;no;2;450cm_midroll_run02;20221126_mirror_dance02_midroll_Bela-Bela_28.MTS;;
156;117;Bela-Bela_29;;20221127_mirror_dance02_midroll_Bela-Bela_29.MTS;00:02:04.753;00:02:17.359;00:02:07.908;;;;460;outdoors;shift;no;2;450cm_midroll_run02;20221127_mirror_dance02_midroll_Bela-Bela_29.MTS;;
157;118;Bela-Bela_30;;20221127_mirror_dance02_midroll_Bela-Bela_30.MTS;00:02:20.602;00:02:34;00:02:23.662;;;;460;outdoors;shift;no;2;450cm_midroll_run02;20221127_mirror_dance02_midroll_Bela-Bela_30.MTS;;
158;119;Bela-Bela_31;;20221127_mirror_dance02_spontaneous_Bela-Bela_31.MTS;00:02:17.441;00:02:43;00:02:21.043;;00:02:22.936;00:02:30.9;460;outdoors;shift;no;2;450cm_spontaneous_run02;20221127_mirror_dance02_spontaneous_Bela-Bela_31.MTS;;
159;120;ID23;;20230112_mirror_dance02_ID23.MTS;00:02:10.186;00:02:38.810;00:02:14.597;;00:02:23.053;00:02:26.29;460;outdoors;shift;no;2;450cm_spontaneous_run02;20230112_mirror_dance02_ID23.MTS;;
160;121;ID34;;20230112_mirror_dance02_ID34.MTS;00:02:11.721;00:02:35.565;00:02:16.132;;00:02:25.037;00:02:27.74;460;outdoors;shift;no;2;450cm_spontaneous_run02;20230112_mirror_dance02_ID34.MTS;;
161;122;ID46;;20230113_mirror_dance02_ID46.MTS;00:06:48.598;00:07:14.5;00:06:53.097;;00:06:59.396;00:07:00;460;outdoors;shift;no;2;450cm_spontaneous_run02;20230113_mirror_dance02_ID46.MTS;;
162;123;B03;;20231115_10_dances_02_midroll_B03.MTS;00:02:23;00:02:58.496;00:02:26.8;;00:02:36.353;00:02:40.94;460;outdoors;shift;no;10;450cm_spontaneous_run10;20231115_10_dances_02_midroll_B03.MTS;;
163;124;B07;;20231115_10_dances_04_spontaneous_B07.MTS;00:03:50;00:04:14.7;00:03:53.768;;00:03:58.628;00:04:01;460;outdoors;shift;no;10;450cm_spontaneous_run10;20231115_10_dances_04_spontaneous_B07.MTS;;
164;125;B21;;20231116_02_dances_04_spontaneous_B21.MTS;00:02:13.752;00:02:48;00:02:16.722;;00:02:21;00:02:24.829;460;outdoors;shift;no;2;450cm_spontaneous_run02;20231116_02_dances_04_spontaneous_B21.MTS;;